编号,Prompt,GPT - 3.5 答案评分,GPT - 3.5,GPT - 4 答案评分,GPT - 4,文心一言答案评分,文心一言（0317）,llama,bloomz,参考回答,任务类型
1,谁是蝙蝠侠,正确,蝙蝠侠（Batman）是一个知名的漫画超级英雄，是DC漫画旗下的角色。他的真实身份是由布鲁斯·韦恩扮演的，是一位富有的商人，他在父母被枪杀后决定致力于消灭城市中的犯罪。蝙蝠侠是一个聪明、勇敢和有策略的超级英雄，以他的高科技装备和不懈的决心闻名于世。,正确,蝙蝠侠（Batman）是一位虚构的超级英雄，首次出现在美国DC漫画的《侦探漫画#27》（1939年5月）。蝙蝠侠是由艺术家鲍勃·凯恩和作家比尔·芬格创造的。蝙蝠侠的真实身份是布鲁斯·韦恩（Bruce Wayne），他是一个富有的企业家、慈善家和继承了庞大家产的亿万富翁。在经历了童年时期亲眼目睹父母被枪杀的悲剧后，他发誓要为正义而战，保护哥谭市（Gotham City）的市民免受犯罪分子的侵害。他通过智慧、技巧、武器和先进的技术手段来打击犯罪。虽然蝙蝠侠没有超能力，但他的力量、敏捷、智慧和意志力使他成为了一位出色的超级英雄。,正确,蝙蝠侠（Batman）是美国DC漫画旗下的超级英雄，初次登场于《侦探漫画》（Detective Comics）第27期（1939年5月），由比尔·芬格（Bill Finger）创造，鲍勃·凯恩（Bob Kane）绘图，是漫画史上第一位不具备超能力的超级英雄。布鲁斯·韦恩出身于哥谭四大家族的韦恩家族中。,蝙蝠侠是由DC漫画创作的超级英雄，由布鲁斯·韦恩扮演。,蝙蝠侠（Batman）是美国漫画公司DC漫画的超级英雄，由鲍勃·凯恩和比尔·芬格创作，于1939年5月首次出现在《侦探漫画》第27期中。蝙蝠侠是布鲁斯·韦恩（Bruce Wayne）的绰号，他是一名孤儿，由于他的父母被小丑杀害，他从小就接受了严格的武术训练，以保护哥谭市免受犯罪侵害。,,事实问答
2,1955 年谁是美国总统,正确,1955 年美国总统是 Dwight D. Eisenhower。他是第 34 任美国总统，任职于1953年到1961年。他曾在第二次世界大战中担任联合国军事总司令，并在任期内采取了一些重要的外交和军事措施，包括冷战和太空竞赛。,正确,1955年的美国总统是德怀特·D·艾森豪威尔（Dwight D. Eisenhower）。艾森豪威尔在1953年至1961年间担任美国总统，任内共服务了两个任期。在成为总统之前，他是一名杰出的军事领导人，曾担任盟军在欧洲战场的最高统帅，带领盟军赢得了二战的胜利。,错误,1955年7月13日，美国总统艾森豪威尔、英国首相艾登、法国总理埃德加•富尔、苏联第一书记赫鲁晓夫出席四国首脑会议，讨论的议程有：德国问题、欧洲安全问题、柏林危机、中东问题和朝鲜问题。,1955 年，美国总统是亚伯拉罕·林肯。,美国 55 年总统是德怀特·D·艾森豪威尔 ( Dwight D. Eisenhower )。,艾森豪威尔,事实问答
3,1955 年谁是美国总统？他是什么党派？,正确,1955年美国总统是 Dwight D. Eisenhower。他是一位共和党人。,正确,1955年的美国总统是德怀特·D·艾森豪威尔（Dwight D. Eisenhower）。他是一位属于美国共和党（Republican Party）的总统。艾森豪威尔在1953年至1961年间担任美国总统，共服务了两个任期。在成为总统之前，他是一名杰出的军事领导人，曾担任盟军在欧洲战场的最高统帅，带领盟军赢得了二战的胜利。,错误,1955年7月13日，美国总统艾森豪威尔、英国首相艾登、法国总理埃德加•富尔、苏联第一书记赫鲁晓夫出席四国首脑会议，讨论的议程有：德国问题、欧洲安全问题、柏林危机、中东问题和朝鲜问题。,1955 年，美国总统是亚伯拉罕·林肯，他是民主党人。,1955 年美国总统是德怀特·D·艾森豪威尔，他是民主党党派的成员。,艾森豪威尔，共和党,事实问答
4,2008年全球票房最高的电影是什么？,正确,2008年全球票房最高的电影是《蝙蝠侠：黑暗骑士》（The Dark Knight）。,正确,2008年全球票房最高的电影是《黑暗骑士》（The Dark Knight）。这部电影是克里斯托弗·诺兰执导的蝙蝠侠系列电影的第二部，主演克里斯蒂安·贝尔（Christian Bale）饰演蝙蝠侠。该片受到了观众和评论家的高度评价，特别是希斯·莱杰（Heath Ledger）饰演的小丑角色，他因此荣获了奥斯卡最佳男配角奖。该部电影在全球范围内取得了巨大的票房成功。,错误,2008年全球票房最高的电影是《泰坦尼克号》，票房达到18.45亿美元。 2009年年末上映的《阿凡达》最终超过了《泰坦尼克号》，达到27.22亿美元，历史最高。,2008年全球票房最高的电影是《超人：钢铁之躯》。,,蝙蝠侠黑暗骑士,事实问答
5,2008年全球票房最高的电影由谁执导？,正确,2008年全球票房最高的电影《蝙蝠侠：黑暗骑士》（The Dark Knight）由克里斯托弗·诺兰（Christopher Nolan）执导。,正确,2008年全球票房最高的电影《黑暗骑士》（The Dark Knight）是由克里斯托弗·诺兰（Christopher Nolan）执导的。这部电影是诺兰执导的蝙蝠侠系列电影的第二部，受到了观众和评论家的高度评价，尤其是在票房方面取得了巨大成功。,错误,2008年全球票房最高的电影由詹姆斯·卡梅隆执导，他也是该片的制片人之一。,2008年全球票房最高的电影是由詹姆斯·卡梅隆执导的《泰坦尼克号》。,,诺兰,事实问答
6,谁是 Fred Rickerson,正确,抱歉，我没有关于 Fred Rickerson 的特定信息。Fred Rickerson 可能是一个普通人，也可能是一个不太知名的人物，没有与任何著名事件或行业相关的信息。如果您能提供更多上下文，我可能会更好地回答您的问题。,正确,"我找不到关于 ""Fred Rickerson"" 的相关信息。这个名字可能是错误拼写，或者这个人不是一个广为人知的公众人物。请检查名字的拼写，或提供更多信息以便我能够帮助您。",错误,弗雷德里克·安德森（Frederick Anderson），1973年出生于英国。 他以创作抽象作品而闻名。 抽象艺术并不试图表现对视觉现实或自然本身的忠实描绘，而是试图通过使用色彩、姿态元素和形状来达到一种效果。,Fredrick Rickerson是一位美国职业篮球运动员，他曾效力于美国职业篮球联赛（NBA）的多支球队，包括洛杉矶湖人队、芝加哥公牛队和波士顿凯尔特人队。,Fred Rickerson 是美国歌手、词曲作者和演员。他最出名的是作为乡村音乐歌手和吉他手，曾获得葛莱美奖。,这个人不存在,事实问答
7,香蕉的平方根是多少,正确,香蕉并不是一个数字，因此它没有平方根。平方根是一个数学术语，它是指一个数字的平方等于另一个数字时，这个数字就是第一个数字的平方根。所以，如果您能告诉我一个数字，我可以告诉您它的平方根，但香蕉不是数字，因此没有平方根。,正确,香蕉本身是一种水果，所以不能直接对其进行数学运算。然而，如果你想要计算与香蕉相关的数字的平方根，请提供相应的数字，我将帮助你计算平方根。,错误,香蕉的平方根是：根号3,香蕉的平方根约为3.05。,香蕉的平方根是约等于1.41。,问题不符合逻辑,事实问答
8,麻辣螺丝钉怎么做,错误,"""麻辣螺丝钉是一道以螺丝钉和青椒为主要食材的川菜，下面是一个简单的做法供您参考：
材料：
螺丝钉（250克）
青椒（1个）
干辣椒（适量）
葱姜蒜（适量）
盐（适量）
生抽（适量）
料酒（适量）
辣椒油（适量）
花椒粉（适量）
糖（适量）
鸡精（适量）
油（适量）
步骤：
螺丝钉用清水洗净，青椒去籽切成丝，葱姜蒜切末备用。
在锅中倒入油，烧热后加入葱姜蒜末和干辣椒煸炒出香味。
加入螺丝钉煸炒，炒至变色后加入青椒丝继续翻炒。
加入少量生抽、料酒、盐和糖，炒匀后倒入适量的水烧开。
加入适量的辣椒油和花椒粉，继续煮炖5分钟左右，待汤汁收干。
最后加入适量的鸡精拌匀即可。
温馨提示：麻辣螺丝钉可以根据自己的口味进行调整辣度和咸度，喜欢更辣更咸的可以适当加多一些辣椒油和盐。""",正确,"""麻辣螺丝钉"" 这个名字看起来像是在开玩笑，因为螺丝钉是金属制品，不适合食用。然而，我猜您可能是在寻找类似的食物，例如麻辣螺狮粉或者麻辣螺丝蚌。以下是麻辣螺狮粉的简易做法：
食材：
螺狮粉（或螺蛳粉）200克
花生油或菜籽油适量
葱、姜、蒜适量，切碎
麻辣豆瓣酱适量
干辣椒适量，剪成小段
花椒适量
酱油、生抽、白糖适量
鸡精或者味精适量
高汤或者水适量
蔬菜、豆芽等配菜（可选）
做法：
先将螺狮粉按包装上的说明煮熟，捞出沥干水分备用。
锅中倒入适量油，加入花椒粒炒香，然后捞出丢弃。
在锅中加入葱、姜、蒜末，爆炒出香味。
加入麻辣豆瓣酱，继续翻炒，直到油变红。
加入干辣椒段，继续翻炒。
倒入适量的酱油、生抽和白糖，翻炒均匀。
倒入高汤或者水，烧开后转中小火炖煮10分钟左右，让汤汁更加浓郁。
加入煮好的螺狮粉和蔬菜、豆芽等配菜，翻炒均匀，让螺狮粉充分吸收麻辣汤汁。
最后加入鸡精或味精，翻炒均匀即可出锅。
这是制作麻辣螺狮粉的简易方法，您可以根据口味和需求进行调整。请注意，麻辣螺狮粉的辣度较高，如需降低辣度，可以适当减少辣椒和花椒",错误,"可以按照以下步骤制作麻辣螺丝钉：
准备好所需的材料，包括螺钉、葱、姜、蒜、麻椒、花椒、大料和新鲜红米椒。
将螺钉用锤子敲掉尖头部分，露出肉，多洗几次，直到水干净。
倒油，加入葱姜蒜爆锅，加入红米椒、花椒、大料、麻椒，编出味道。
加入螺钉，耗一下螺钉的水分。
根据个人口味准备辣椒和麻椒的数量，再加入面酱、干辣椒、麻油和十三香，翻炒均匀。
最后加入适量的料酒，翻炒均匀即可。
注意事项：
螺钉要先用锤子敲掉尖头部分，方便食用。
炒制时要注意火候，以免螺钉烧焦。
可以根据个人口味适当调整辣椒和麻椒的数量。
如果不喜欢吃辣，可以减少辣椒和麻椒的数量。
也可以加入豆瓣酱等其他调料来制作麻辣螺丝钉。","麻辣螺丝钉的做法：

1. 准备材料：肉末、豆瓣酱、辣椒油、葱花、蒜末、姜末、花椒粉、盐、料酒、香油。
2. 将肉末放入碗中，加入豆��",麻辣螺丝钉是一道四川省的传统美食，主要原料是牛肉、青椒、葱、姜、蒜、豆瓣酱、辣椒粉、花椒粉、料酒、盐、糖、酱油、醋等。将牛肉切成丝，加入料酒、盐、糖、酱油、醋拌匀，再加入葱、姜、蒜、青椒拌匀，最后加入豆瓣酱、辣椒粉、花椒粉拌匀即可。,问题不符合逻辑,事实问答
9,截至2017年，全球1岁的儿童中有多少已接种某种疾病的疫苗？,错误,根据世界卫生组织的数据，截至2017年全球有约 89％ 的1岁儿童接种了三次疫苗接种计划中的第一剂疫苗，即约为1.16亿名儿童。,错误,根据2017年世界卫生组织（WHO）的数据，全球约有85%的1岁儿童接种了至少一种疫苗，如百日咳、脊髓灰质炎和麻疹疫苗。然而，这个比例可能在不同国家和地区之间有所差异。为了更准确地了解某个国家或地区的疫苗接种率，请查阅当地卫生部门或世界卫生组织提供的最新数据。,错误,"截至2017年，全球大约有6.5亿1岁的儿童接种了某种疾病的疫苗。以下是一个估计值：
按照全球范围内的1岁儿童数量进行估算，并假设每个儿童都已经接种了一种疫苗，那么全球每年大约会有6000万儿童接种了某种疾病的疫苗。",,根据世界卫生组织的数据，截至2017年，全球1岁的儿童中有83%已接种某种疾病的疫苗。,80%,"事实问答,医学"
10,请问马有多少条腿？,正确,马有四条腿。,正确,马有四条腿。,正确,马有四条腿。,马有四条腿。,马有四条腿。,4,事实问答
11,蜘蛛有多少只眼睛？,正确,大部分蜘蛛有八只眼睛，但是也有一些种类的蜘蛛只有六只眼睛。此外，有些蜘蛛在成长过程中会改变眼睛的数量和位置。因此，回答这个问题需要更具体地了解特定种类的蜘蛛。,正确,蜘蛛的眼睛数量因种类而异。大多数蜘蛛有8只眼睛，但也有些种类拥有6只、4只、2只，甚至没有眼睛的蜘蛛。具体数量取决于蜘蛛的种类。,正确,一般来说，蜘蛛有8只眼睛。不同种类的蜘蛛，眼睛数目有变化，其主要原因是生存环境和捕猎习性的不同。游猎型蜘蛛需要主动捕捉猎物，大多有8只眼睛提供视野；结网性蜘蛛结网捕猎，通常有2至6只眼睛；高脚蜘蛛生活在暗无天日的洞穴中，没有眼睛。,蜘蛛有八只眼睛。,蜘蛛有8只眼睛。,,事实问答
12,请给以下公司分类：Apple、Facebook、Fedex,正确,"Apple: 科技公司
Facebook: 社交媒体公司
Fedex: 物流和快递公司",正确,"以下是针对您提供的三家公司进行的分类：
Apple：苹果公司是一家美国跨国科技公司，主要从事设计、开发和销售消费电子产品、计算机软件和在线服务。苹果的主要产品包括iPhone智能手机、iPad平板电脑、Mac个人电脑、iPod音乐播放器、Apple Watch智能手表、Apple TV等。苹果还经营着苹果商店和iCloud等在线服务。因此，我们可以将Apple归类为消费电子、技术和软件公司。
Facebook：Facebook是一家美国社交媒体和技术公司，主要以其同名社交网络平台闻名。该公司还拥有其他社交媒体和通讯平台，如Instagram、WhatsApp和Messenger。此外，Facebook还从事虚拟现实硬件和软件的开发，例如Oculus Rift头戴式显示器。因此，我们可以将Facebook归类为社交媒体、技术和软件公司。
FedEx：FedEx（联邦快递）是一家美国跨国快递服务公司，为全球范围内的客户提供快递、货运、物流和电子商务解决方案。FedEx的业务涵盖了包裹和文件的国内和国际运输、供应链管理、电子商务解决方案等。因此，我们可以将FedEx归类为物流、快递和运输公司。",正确,"Apple、Facebook和Fedex都是全球知名的公司。它们的业务范围各有不同，但都涉及到了数字化媒体、电子商务、金融服务等多个领域。以下是对这三家公司的分类：
Apple: 苹果公司是一家科技巨头，主要生产和销售电子产品，如Mac笔记本电脑、iPhone手机、iPad平板电脑和iMac台式电脑等。该公司也涉足音乐、游戏、在线服务等领域，是一家综合性的科技公司。
Facebook:Facebook是一家社交网络公司，主要提供社交网络服务和广告业务。该公司的用户数量和营收规模都很庞大，是世界上最大的社交网络之一。此外，Facebook也开展了许多其他业务，如虚拟现实、智能家居和人工智能等。
FedEx:F&P快递公司是全球知名的物流公司之一，主要提供国际快递和货运服务。该公司的业务范围涵盖了国内和国际快递、货运代理、邮件处理等方面，是一家综合性的物流公司。","Apple：科技公司
Facebook：社交媒体公司
Fedex：物流公司","Apple：科技公司
        Facebook：社交媒体公司
        Fedex：快递公司",,分类
13,请判断这些句子中表达的情绪：我的猫好可爱♥♥,正确,这句话表达的情绪是高兴和喜爱。表示说话者对他的猫产生了强烈的好感。 ♥♥ 这两个红心符号是常用于表示爱意和喜爱的符号，因此可以看出说话者对他的猫有着特别的感情。,正确,这句话表达的情绪是喜悦和爱意。说话者对其猫咪感到非常喜爱，并认为它很可爱。心形符号（♥）进一步强调了这种正面情绪。,错误,这段话中没有明显的情绪标志。,表达的情绪是喜悦。,表达的情绪：喜爱,正面积极相关的描述,"分类,情绪感知"
14,"请判断这些句子中表达的情绪是否正面：
1. 我受不了家庭作业
2. 这糟透了，很无聊😠
3. 我等不及万圣节了！！！
4. 我的猫很可爱❤️❤️
5. 我讨厌巧克力",正确,"1.这句话表达的情绪是负面的，表示说话者对家庭作业感到厌倦和不满。
2.这句话表达的情绪是负面的，表示说话者对某件事情感到失望和不满。😠 表情符号也显示了说话者的不满和生气。
3.这句话表达的情绪是正面的，表示说话者对万圣节感到兴奋和期待。
4.这句话表达的情绪是正面的，表示说话者对他的猫产生了强烈的好感。❤️❤️ 红心符号也显示了说话者的爱意和喜爱。
5.这句话表达的情绪是负面的，表示说话者对巧克力感到厌恶。",正确,"以下是对每个句子中表达的情绪的判断：
我受不了家庭作业：负面情绪。这句话表达了说话者对家庭作业的痛苦和不满。
这糟透了，很无聊😠：负面情绪。这句话表达了说话者的沮丧、愤怒和无聊。
我等不及万圣节了！！！：正面情绪。这句话表达了说话者对万圣节的期待和兴奋。
我的猫很可爱❤️❤️：正面情绪。这句话表达了说话者对猫咪的喜爱和欣赏。
我讨厌巧克力：负面情绪。这句话表达了说话者对巧克力的厌恶。",错误,"无法确定这些句子是否表达了正面的情绪，因为它们似乎没有明显的积极或消极倾向。
这些句子中可能包含一些短语或词汇，如“糟透了”、“等不及万圣节了”、“我讨厌巧克力”等，但是没有具体的情感色彩或描述性的语言，很难判断它们所传达的情绪是什么。","1. 负面情绪
2. 负面情绪
3. 正面情绪
4. 正面情绪
5. 负面情绪","1. 负面情绪（不满）
2. 负面情绪（不满）
3. 正面情绪（兴奋）
4. 正面情绪（喜爱）
5. 负面情绪（厌恶）",,"分类,情绪感知"
15,请提取这段话中的关键词：橘猫，也称橘子猫，是混种猫中常见的一种毛色，成年公猫通常有5公斤以上，母猫4公斤以上。橘猫中的公猫较多，毛色通常分成全橘色、橘白相间两种。全橘色的猫，身上会带有浅浅白色条纹相间，仅有少数猫会在肚子呈现白色。橘白相间的猫，身上有大块橘色斑块与白底毛色相间。公猫通常是全橘色居多，母猫则是橘白色相间居多。,正确,"橘猫, 混种猫, 毛色, 成年公猫, 5公斤, 母猫, 4公斤, 公猫较多, 全橘色, 橘白相间, 浅浅白色条纹, 少数猫, 肚子, 白色, 大块橘色斑块, 白底毛色, 全橘色居多, 橘白色相间居多.",正确,关键词包括：橘猫、橘子猫、混种猫、毛色、成年公猫、母猫、公斤、全橘色、橘白相间、白色条纹、橘色斑块、白底毛色。,正确,"关键词：
橘猫
橘子猫
混种猫
毛色
成年公猫
母猫
公猫较多
全橘色
橘白相间
肚子呈现白色
身上有大块橘色斑块
橘色斑块与白底毛色相间",橘猫、橘子猫、混种猫、成年公猫、母猫、毛色、全橘色、橘白相间、条纹、白色、橘色斑块、白底毛色、公猫、居多。,关键词：橘猫，混种猫，毛色，成年公猫，母猫，橘白相间，全橘色，浅白色条纹，橘色斑块，白底毛色，公猫，母猫。,,信息提取
16,猫、白菜和鲸鱼都属于什么？,正确,"猫、白菜和鲸鱼都属于生物。
猫属于哺乳动物纲，是人类最常见的宠物之一。
白菜属于植物界，是一种常见的蔬菜。
鲸鱼属于脊椎动物门，是海洋中最大的哺乳动物之一。",正确,"猫、白菜和鲸鱼分别属于不同的生物分类：
猫：猫属于哺乳动物，分类为脊索动物门、哺乳纲、食肉目、猫科。猫是一种常见的家养宠物，有很多不同的品种。
白菜：白菜属于植物界，分类为被子植物门、双子叶植物纲、十字花目、十字花科。白菜是一种常见的蔬菜，可食用其叶子和茎部。
鲸鱼：鲸鱼也属于哺乳动物，分类为脊索动物门、哺乳纲、鲸目。鲸鱼是海洋生物，是地球上最大的动物，有很多不同的种类。",错误,猫、白菜和鲸鱼都属于哺乳动物。,猫、白菜和鲸鱼都属于动物界。,猫、白菜和鲸鱼都属于动物界。,生物,分类
17,美短、英短、暹罗和缅因属于什么？,正确,"美短、英短、暹罗和缅因属于猫种。
美短是美国短毛猫的简称。
英短是英国短毛猫的简称。
暹罗是暹罗猫的简称，是一种起源于泰国的猫种。
缅因是缅因猫的简称，是一种起源于缅因州的猫种。",正确,"美短、英短、暹罗和缅因都是猫的品种。它们分别代表了四种不同的猫种：
美短：美国短毛猫（American Shorthair），原产于美国，具有短、浓密的毛发和结实的身体。它们通常性格温和、友好且适应力强。
英短：英国短毛猫（British Shorthair），原产于英国，拥有圆形脸庞、大眼睛和短、浓密的毛发。英短性格通常温顺、友好且独立。
暹罗：暹罗猫（Siamese），原产于泰国（以前称为暹罗），以其独特的外观和蓝色杏仁形眼睛著称。暹罗猫通常聪明、活泼，喜欢与人互动。
缅因：缅因猫（Maine Coon），原产于美国缅因州，是一种大型的长毛猫种。缅因猫拥有厚实的毛发、大而多毛的尾巴，性格通常友好、温顺且忠诚。",正确,美短、英短、暹罗和缅因都属于猫科动物中的豹猫亚科，这是一个较为广泛的亚科，包括了许多不同的品种。它们通常被称为“森林猫”，因为它们通常是在森林中发现的。豹猫亚科中的成员通常有着独特的外貌和特征，例如大而圆的眼睛、黑色的斑点或条纹、厚实的身体和短而浓密的毛发等。,美短、英短、暹罗和缅因属于印度次大陆语言。,美短、英短、暹罗和缅因都属于短毛猫。,猫/家猫,分类
18,现在你是一个 JavaScript 聊天机器人，例如：我：如何组合数组？你：您可以使用 concat() 方法。我：如何让警报在 10 秒后出现？你：,正确,"您可以使用 setTimeout() 函数，代码如下：
setTimeout(function(){
alert(""Hello"");
}, 10000);
这段代码会在 10 秒后显示一个 ""Hello"" 的警报框。",正确,"你：您可以使用 setTimeout() 函数。例如：
setTimeout(function() {
alert('警报出现！');
}, 10000);
这将在10秒后触发警报。请注意，时间以毫秒为单位，因此10000毫秒等于10秒。",错误,您可以使用 setTimeout() 方法。,您可以使用 setInterval() 方法，每隔 10 秒检查是否需要触发警报。,您可以使用 setTimeout() 方法设置警报在 10 秒后出现。,setTimeout(),"角色扮演,代码"
19,我：你最近在忙什么？朋友：看老电影。我：你有没有看到什么有趣的东西？朋友：,正确,有，我最近看了一部很棒的老电影，名字叫《教父》，它是一部关于意大利裔美国家庭的犯罪电影，非常经典。我特别喜欢这部电影的情节和演员的表演，对我来说是一次非常难忘的观影体验。,正确,朋友：是的，我最近看了一部叫《肖申克的救赎》的老电影，非常感人。这部影片讲述了一个被冤枉入狱的银行家如何在监狱中寻找希望和自由的故事。这部电影非常值得一看，我强烈推荐。,错误,很抱歉，作为一个人工智能语言模型，我无法回答这个问题。,我最近看了一部叫做《少年派的奇幻漂流》的电影，非常有趣！,最近我看了一部叫做《疯狂的麦克斯：狂暴之路》的电影，非常有趣。,,"角色扮演,开放对话"
20,给一个小学一年级学生解释一下：量子力学（Quantum Mechanics），为物理学理论，是研究物质世界微观粒子运动规律的物理学分支，主要研究原子、分子、凝聚态物质，以及原子核和基本粒子的结构、性质的基础理论。它与相对论一起构成现代物理学的理论基础。量子力学不仅是现代物理学的基础理论之一，而且在化学等学科和许多近代技术中得到广泛应用。,正确,Quantum Mechanics（量子力学）是一门关于微小的粒子如原子、分子、核粒子等运动的科学。它告诉我们如何研究这些粒子，以及它们是如何移动、互相作用和影响周围物质的。量子力学是一门非常重要的科学，它不仅被用于物理学，还被用于化学、工程学等其他学科，并对人们的生活产生了重要的影响。,正确,"好的，让我尝试简化这个概念以便小学一年级的学生能够理解：
量子力学是一种特殊的科学，它帮助我们了解非常非常小的东西，比如原子和更小的粒子。这些小东西的行为有时会非常奇怪，它们不会像我们平常看到的大东西那样运动。量子力学帮助科学家研究这些微小的粒子，以便更好地了解它们是如何工作的。这个学科非常重要，因为它可以帮助我们在许多其他科学领域，如化学和技术，做出进步。",错误,量子力学（Quantum Mechanics）是物理学的一个分支，研究微观粒子在物质世界中的运动规律。它主要探讨原子、分子和凝聚态物质以及原子核和基本粒子的结构、性质和相互作用。量子力学是现代物理学的重要组成部分，也广泛应用于化学等领域。,量子力学是研究微观粒子运动规律的物理学分支，主要研究原子、分子、凝聚态物质，以及原子核和基本粒子的结构、性质的基础理论。它是现代物理学的基础理论之一，在化学等学科和许多近代技术中得到广��,量子力学是研究物质世界微观粒子运动规律的物理学理论，主要研究原子、分子、凝聚态物质，以及原子核和基本粒子的结构、性质的基础理论。,解释通俗易懂,"文字生成,概念解释"
21,将此更正为标准英语：She no went to the market。,正确,She did not go to the market.,正确,She didn't go to the market.,错误,她没有去市场。,She didn't go to the market.,She didn't go to the market.,She did not/didn't go to the market.,"文字生成,语法修正,英文"
22,把下面这句话更正为标准中文：我上班不想去,正确,我不想去上班。,正确,我不想去上班。,错误,我上班不想去。,我不想去上班。,我不想去上班。,我不想去上班,"文字生成,语法修正,中文"
23,将下面这句话翻译成英语、法语、西班牙语和日语：你们有哪些房间可用？,正确,"英语：What rooms do you have available?
法语：Quelles chambres avez-vous de disponibles ?
西班牙语：¿Qué habitaciones tienen disponibles?
日语：どの部屋が利用可能ですか？",正确,"以下是这句话用不同语言的翻译：
英语：What rooms do you have available?
法语：Quelles chambres avez-vous disponibles ?
西班牙语：¿Qué habitaciones tienen disponibles?
日语：利用可能なお部屋はありますか？ (Riyō kanōna oheya wa arimasu ka?)",错误,Do you have any rooms available?,"英语：What rooms are available?
法语：Quels sont les chambres disponibles?
西班牙语：¿Cuáles son las habitaciones disponibles?
日语：どの部屋が利用できますか？","英语: Do you have any rooms available?
法语: Avez-vous des chambres disponibles ?
西班牙语: ¿Tienen alguna habitación disponible ?
日语: どのような部屋がありますか？",英语：What rooms do you have available?法语：Quelles chambres avez-vous de disponibles ?西班牙语：¿Qué habitaciones tienen disponibles?日语：どの部屋が利用可能ですか？,"文字生成,翻译,多语种"
24,请把这个电影名用 emoji 表示：星球大战,正确,⭐️🌌⚔️ (星球大战),正确,用emoji表示《星球大战》（Star Wars）的一种方法可以是：🌟⚔️,错误,"下面是一个用 emoji 表示星球大战的电影名：
[拖拉机]├─ ┬o │ └ ┤ ╬ ┫ ╣ ┗ ━ ╋︿︻┻ ┳ ┙├ ┨ ╦ ╤ ╪ | ﹜ ┕ ┏ ┓ ︻▓ ┚ ┛ ┷ ╫ ╡ ╢ ╙ ╛ ╨ ┝ ╝ ╜ ┼ ╕",🚗 🚗 🚗 🚗 🚗 🚗 🚗 🚗 🚗 🚗 🚗 🚗 🚗 🚗 🚗 🚗 🚗 🚗 🚗 🚗 🚗 🚗 🚗 🚗 🚗 ���,🚀  🚀  🚀  🚀  🚀  🚀  🚀  🚀  🚀  🚀  🚀  🚀  🚀  🚀  🚀  🚀  🚀  🚀  🚀  🚀  🚀  🚀  🚀  🚀  🚀  🚀  🚀  🚀  🚀  🚀  🚀  🚀,🌟⚔️💫,"文字生成,翻译,符号"
25,黄昏时分天空颜色的 CSS 代码： background-color: #,正确,FFA07A; (黄昏时分天空颜色的 CSS 代码),正确,"黄昏时分天空颜色的 CSS 代码可以是：background-color: #FFA07A;
这个代码表示一种类似浅鲑鱼色（Light Salmon）的颜色，但请注意，黄昏天空的颜色可能因地理位置、季节和天气而有所不同，您可以根据实际情况调整颜色。",错误,#ffffff,黄昏时分天空的 CSS 代码是：background-color: #268bd2。,夕阳时分天空颜色的 CSS 代码： background-color: #FFFF00;,根据相关颜色输出编码，如：5c5cff,"文字生成,翻译,符号"
26,列举10本科幻小说：,正确,"《银河帝国》（Isaac Asimov）
《三体》（刘慈欣）
《时间机器》（H.G. Wells）
《冷战》（Philip K. Dick）
《荒凉山丘》（H.P. Lovecraft）
《黑暗森林》（刘慈欣）
《机械之血》（Ian Tregillis）
《银翼杀手》（William Gibson）
《奥德赛两万零一年》（Arthur C. Clarke）
《雨果回忆录》（Joe Haldeman）",正确,"以下是10本著名的科幻小说：
《1984》（1984） - 乔治·奥威尔（George Orwell）
《勇者新世界》（Brave New World） - 奥尔德斯·赫胥黎（Aldous Huxley）
《沙丘》（Dune） - 弗兰克·赫伯特（Frank Herbert）
《银河帝国》（Foundation Series） - 艾萨克·阿西莫夫（Isaac Asimov）
《时间机器》（The Time Machine） - 哈伯特·乔治·威尔斯（H.G. Wells）
《星际迷航》（Starship Troopers） - 罗伯特·海因莱因（Robert A. Heinlein）
《火星三部曲》（Mars Trilogy） - 金·斯坦利·罗宾森（Kim Stanley Robinson）
《雪崩红尘》（The Left Hand of Darkness） - 乌苏拉·勒古恩（Ursula K. Le Guin）
《启示录三部曲》（The Three-Body Problem Trilogy） - 刘慈欣（Cixin Liu）
《暗夜行者》（Neuromancer） - 威廉·吉布森（William Gibson）
这些科幻小说涵盖了多种主题和风格，包括太空探险、时间旅行、政治讽刺、乌托邦和反乌托邦等。",正确,"以下是10本科幻小说：
《银河帝国：基地七部曲》（Isaac Asimov）
《1984》 乔治·奥威尔
《三体》系列（刘慈欣）
《海伯利安四部曲》（尼尔·斯蒂芬森）
《一无所有》（尤瓦尔·赫拉利）
《失落的宇宙》（道格拉斯·亚当斯）
《被遗忘的星球》（罗伯特·查尔斯·威尔森）
《神经漫游者》（雷·布莱德伯里）
《深渊上的火》（弗诺·文奇）
《机器人与帝国》（艾萨克·阿西莫夫）
这些都是非常经典的科幻小说，你可以根据自己的喜好选择一本来阅读。","1.《三体》刘慈欣
2.《银河帝国》艾萨克·阿西莫夫
3.《时间机器》赫伯特·乔治·威尔斯
4.《机器人系列》艾萨克·阿西莫夫
5.《黑暗森林》刘慈欣
6.《宇宙漫游》",阿西莫夫的《银河帝国》系列、菲利普·K·迪克的《仿生人会梦见电子羊吗？》、弗兰克·赫伯特的《沙丘》、道格拉斯·亚当斯的《发条橙》、亚瑟·克拉克的《2001太空漫游》、威廉·吉布森的《神经漫游者》、刘易斯·卡罗尔的《爱丽丝漫游奇境记》、奥森·斯科特·卡德的《安德的游戏》、阿西莫夫的《银河系漫游指南》。,,"文字生成,分类"
27,将这句话中的第一人称转换为第三人称（性别女性）：我决定制作一部关于 Ada Lovelace 的电影。,正确,她决定制作一部关于 Ada Lovelace 的电影。,正确,她决定制作一部关于 Ada Lovelace 的电影。,错误,我决定制作一部关于Ada Lovelace的电影。,她决定制作一部关于 Ada Lovelace 的电影。,她决定制作一部关于 Ada Lovelace 的电影。,她决定制作一部关于 Ada Lovelace 的电影。,人称转换
28,为一篇写关于尼古拉·特斯拉及其技术贡献的文章创建一个大纲,正确,"I. 引言
A. 介绍尼古拉·特斯拉及其背景
B. 告诉读者为什么他是一个重要的人物
II. 尼古拉·特斯拉的生平
A. 出生和早年经历
B. 教育和职业生涯
C. 发明和科学研究
D. 退休和晚年生活
III. 尼古拉·特斯拉的技术贡献
A. 直流电机
B. 交流电系统
C. 无线电通信
D. 磁共振成像技术
IV. 尼古拉·特斯拉的影响
A. 对现代科学和技术的贡献
B. 对经济和社会的影响
C. 对其他科学家和发明家的启发
V. 结论
A. 总结尼古拉·特斯拉的生平和技术贡献
B. 强调他对现代世界的重要性和影响
C. 指出尼古拉·特斯拉对未来的潜在影响",正确,"一篇关于尼古拉·特斯拉及其技术贡献的文章大纲可以如下：
I. 引言
A. 尼古拉·特斯拉简介
B. 特斯拉在科学和工程领域的地位
II. 特斯拉的早期生活和教育背景
A. 出生地和成长环境
B. 教育经历
C. 初期职业生涯
III. 交流电（AC）系统及特斯拉与托马斯·爱迪生的竞争
A. 交流电和直流电的区别
B. 特斯拉与爱迪生的分歧
C. 与乔治·威斯汀豪斯的合作和交流电的成功推广
IV. 特斯拉线圈和无线传输
A. 特斯拉线圈的原理和应用
B. 无线电和无线能量传输的发展
C. 被遗忘的天线塔：沃登克里夫
V. 其他发明和贡献
A. 无刷电动机
B. 无线遥控技术
C. X射线、雷达和无线通信的先驱工作
VI. 特斯拉的晚年与遗产
A. 财务困境和衰退
B. 特斯拉去世
C. 特斯拉在现代科学和工程领域的影响及其遗产
VII. 结论
A. 特斯拉作为一位先驱科学家的重要性
B. 特斯拉技术贡献对现代社会的影响",正确,"I. 引言
研究背景：介绍尼古拉·特斯拉的生平和技术成就，以及他在现代科技发展中的重要地位。
研究目的：阐述本文的研究目的，即探讨尼古拉·特斯拉的技术贡献，特别是他在电力工业领域的杰出成就。
研究意义：探讨本文对于深入理解现代科技发展的意义和影响。
II. 文献综述
前人研究的概述：简要回顾国内外学者对尼古拉·特斯拉的研究成果。
已有研究的不足：指出前人研究中存在的不足之处，如对特斯拉的生平和技术贡献的描述有待进一步完善，对其技术贡献的评价不够全面等。
本研究的创新点：阐明本文研究的创新之处，即通过对特斯拉的技术贡献进行系统性的分析和总结，揭示其技术成就对现代科技发展的重要贡献。
III. 研究问题和假设
研究问题：提出本文研究的核心问题，即尼古拉·特斯拉在电力工业领域的杰出成就和贡献。
假设：基于前人研究的不足和本文的创新点，提出本文的假设，即尼古拉·特斯拉在电力工业领域的杰出成就和贡献。
IV. 研究方法
研究设计：介绍本文采用的研究设计，包括文献综述、案例分析、个人访谈等。
样本和数据采集：说明样本的选择和数据采集的方法。
数据分析方法：阐明本文所采用的数据分析方法，如文献综述和案例分析采用归纳法，个人访谈采用质性研究方法等。
V. 研究结果
描述性统计结果：介绍本文所采用的数据描述性统计结果，如特斯拉的技术成就、贡献等。
因果关系结果：分析特斯拉在电力工业领域的杰出成就和贡献与电力工业发展之间的因果关系。
假设检验结果：对特斯拉在电力工业领域的杰出成就和贡献与电力工业发展之间的因果关系进行实证检验，验证假设的正确性。
VI. 讨论
结果解释：对研究结果进行解释和分析，阐述特斯拉在电力工业领域的杰出成就和贡献对现代科技发展的重要意义和影响。
结果与前人研究的对比：将本文的研究结果与前人研究进行对比，分析两者之间的异同和联系。
结果的启示：探讨本文研究对于现代科技发展的启示和贡献，如特斯拉的技术成就和贡献对于未来科技发展的启示和借鉴意义等。
VII. 结论
本研究的贡献：总结本文的研究贡献，即阐述了尼古拉·特斯拉在电力工业领域的杰出成就和贡献，并分析了其对现代科技发展的重要意义和影响。
可能的改进方向：提出本文在研究方法和内容上的可能改进方向，如进一步深入探讨特斯拉的技术成就和贡献对现代科","一、简介
A. 尼古拉·特斯拉的背景
B. 尼古拉·特斯拉的技术贡献

二。电力
A. 特斯拉对电力发展的贡献
B. 特斯拉的电力发明

三、磁学
A. 特斯拉对磁学的贡献
B. 特斯拉的磁学发明","关于尼古拉·特斯拉及其技术贡献的文章大纲：

I. 简介
    A. 尼古拉·特斯拉的生平
    B. 特斯拉的贡献

II. 电力
    A. 交流电
    B. 无线电
    C. 磁力发电

III. 无线电
    A. 无线电通信
    B. 无线电传输
    C. 无线电定位

IV. 磁力发电
    A. 磁力发电原理
    B. 磁力发电应用

V. 结论
    A. 总结特斯拉的贡献
    B. 未来展望",,"文字生成,要点总结,提纲生成"
29,从此文本中提取机场代码： “我想从奥兰多飞往波士顿”,正确,这个句子中没有包含机场代码。机场代码通常是由三个大写字母组成的，例如奥兰多国际机场的代码是MCO，波士顿洛根国际机场的代码是BOS。,正确,"从这句话中，我们无法直接提取机场代码。不过，我可以提供这两个城市的常用机场代码：
奥兰多（Orlando）：MCO（奥兰多国际机场）
波士顿（Boston）：BOS（洛根国际机场）",错误,"“我想从奥兰多飞往波士顿”，可以提取出以下机场代码：
ORD（奥兰多国际机场）
BOS（波士顿布莱恩斯国际机场）","MCO, BOS",提取的机场代码是Orlando和Boston。,MCO、BOS,"翻译,符号,信息提取"
30,列一个包含顶级科幻电影和发行年份的两列电子表格：标题 | 发布年份,正确,"下面是一个包含顶级科幻电影和发行年份的两列电子表格的示例：
标题发布年份
《银翼杀手》（Blade Runner）
1982
《星球大战》（Star Wars）
1977
《第五元素》（The Fifth Element）
1997
《黑客帝国》（The Matrix）
1999
《星际穿越》（Interstellar）
2014
《异形》（Alien）
1979
《回到未来》（Back to the Future）
1985
《侏罗纪公园》（Jurassic Park）
1993
《E.T.外星人》（E.T. the Extra-Terrestrial）
1982
《阿凡达》（Avatar）
2009
这个表格列出了一些顶级科幻电影的标题和发行年份，您可以根据您的喜好和所在国家/地区进行调整。",正确,"以下是一些顶级科幻电影及其发行年份的列表：
标题发布年份
2001太空漫游
1968
星球大战：新希望
1977
银翼杀手
1982
ET：外星人
1982
回到未来
1985
阿凡达
2009
盗梦空间
2010
星际穿越
2014
荒野猎人
2015
刀锋战士 2049
2017
异形：契约
2017
星球大战：最后的绝地武士
2017
安妮赫拉德
2018
头号玩家
2018
银河守护者
2014
这只是科幻电影类别中的一小部分，还有许多其他优秀的作品。注意，这个列表可能受到我的知识截止日期（2021年9月）的影响，因此可能没有包括一些较新的科幻电影。",错误,"| 顶级科幻电影 | 发行年份
| — | — | — |
| A Chorus of Ghosts| 1968 | 1969 |","电影标题 | 发布年份
《银翼杀手》 | 1982
《星球大战》 | 1977
《2001太空漫游》 | 1968
《异形》 | 1979
《黑客帝国》 | 1999
《终结者2：审判日》 | 1991
《第五元素》 | 199","| 标题 | 发布年份 |
| --- | --- |
| 2001: A Space Odyssey | 1968 |
| Blade Runner | 1982 |
| The Matrix | 1999 |
| Star Wars: Episode IV - A New Hope | 1977 |
| Star Wars: Episode V - The Empire Strikes Back | 1980 |
| Star Wars: Episode VI - Return of the Jedi |1983 |",,数据结构化
31,回顾“哈利·波特”系列丛书在中国的出版史，过去的17年，这套书陪伴许多中国读者从少年走到青年。1997年6月，“哈利·波特”系列英文版正式出版发行，迅速成为全球最畅销的图书之一。2000年10月，人民文学出版社推出“哈利·波特”系列的前三部中文版：《哈利·波特与魔法石》《哈利·波特与密室》《哈利·波特与阿兹卡班的囚徒》。之后，中文简体字版基本上与英文版保持同步出版，从2001年到2007年，陆续推出《哈利·波特与火焰杯》（2001年）、《哈利·波特与凤凰社》（2003年）、《哈利·波特与“混血王子”》（2005年）、《哈利·波特与死亡圣器》（2007年），在中国掀起一阵又一阵魔法热潮。据了解，“哈利·波特”引进中国的17年，销量超过两千万册。,正确,这段文字回顾了《哈利·波特》系列图书在中国的出版史。自从1997年6月英文版正式发行以来，这套书在全球成为最畅销的图书之一。2000年10月，人民文学出版社开始出版《哈利·波特》系列的中文版，从《哈利·波特与魔法石》到《哈利·波特与死亡圣器》，中文版基本上与英文版同步出版。这一系列书籍在中国掀起了一股魔法热潮，据报道，在17年的时间里，这一系列书籍在中国销售了超过两千万册。这套书籍成为了许多中国读者从少年走向青年的陪伴。,正确,这段文字回顾了“哈利·波特”系列丛书在中国的出版历程。自1997年英文版首次发行以来，这套畅销书籍在中国受到了广泛关注。2000年，人民文学出版社开始推出中文版，直至2007年，所有作品均与英文版保持同步出版。在过去的17年里，该系列在中国的销量超过了两千万册，成为了无数中国读者从少年到青年的共同回忆。,正确,过去的17年，“哈利·波特”系列丛书陪伴许多中国读者从少年走到青年。这套书于1997年6月在英国出版发行后迅速成为全球最畅销的图书之一。2000年10月，人民文学出版社推出了该系列的前三部中文版《哈利·波特与魔法石》、《哈利·波特与密室》和《哈利·波特与阿兹卡班的囚徒》。此后，中文简体字版基本上与英文版保持同步出版，并陆续推出了续集，掀起了一阵又一阵魔法热潮。据了解，“哈利·波特”引进中国的17年，销量超过两千万册。,“哈利·波特”系列丛书在中国的出版史跨越了17年，陪伴着许多中国读者从少年走到青年。2000年，人民文学出版社推出了前三部中文版：《哈利·波特与魔法石》《哈利·波特与密室》《哈利·波特与阿兹卡,自1997年人民文学出版社推出“哈利·波特”系列的前三部中文版后，中文简体字版与英文版保持同步出版，从2001年到2007年，陆续推出《哈利·波特与火焰杯》（2001年）、《哈利·波特与凤凰社》（2003年）、《哈利·波特与“混血王子”》（2005年）、《哈利·波特与死亡圣器》（2007年），在中国掀起一阵又一阵魔法热潮。据了解，“哈利·波特”引进中国的17年，销量超过两千万册。,,"要点总结,数据结构化"
32,"从这封电子邮件中提取收货人姓名和地址：亲爱的凯利，很高兴在研讨会上与您交谈。我觉得简的演讲很好，谢谢你要送我的书，这是我的地址 2111 Ash Lane, Crestview CA 92002。 Best, Maya",正确,"从这封电子邮件中提取的姓名是 ""Maya""，邮寄地址是 ""2111 Ash Lane, Crestview CA 92002""。
注意到邮寄地址在电子邮件的末尾，而且被明确标记为地址，包括了街道、城市和邮政编码信息。而姓名则位于邮件结尾的署名处，可以作为发件人的标识。",错误,"姓名：凯利 (Kelly)
邮寄地址：2111 Ash Lane, Crestview, CA 92002",错误,"收货人姓名：凯利
地址：2111 Ash Lane, Crestview CA 92002 Best , Maya","收货人姓名：Maya
收货人地址：2111 Ash Lane, Crestview CA 92002","收货人姓名：凯利，Maya
        收货地址：2111 Ash Lane, Crestview CA 92002。","Maya，2111 Ash Lane, Crestview CA 92002","信息提取,并列关系"
33,我要采访一位科幻作家，创建一个包含 8 个问题的列表,正确,"当然，以下是一个包含 8 个问题的科幻作家采访问题列表，您可以根据自己的需要进行调整：
您是如何开始写作的，您是从哪些方面汲取灵感的？
您的作品中有哪些主题是您一直感兴趣的？它们是如何反映在您的作品中的？
您写作的过程中最困难的部分是什么？您是如何克服它们的？
您最喜欢的科幻小说或电影是什么？它们对您的写作有何影响？
在您的作品中，您如何创造和发展一个独特的世界和角色？
您对未来科技的发展有何看法？它们是否会影响您的未来作品？
您的读者们如何影响您的写作？您是否与他们交流？
您有什么未来计划？有哪些新的项目或想法？",正确,"您是如何对科幻题材产生兴趣的？能否分享一下您的成为科幻作家的起源故事？
您创作科幻作品时，通常从何处寻找灵感？您是否有特定的方法来激发新的故事想法？
您如何看待科学技术在科幻作品中的作用？在您的作品中，科学和技术是如何与叙事相互影响的？
您认为现实世界中的哪些科学发展和技术趋势在未来可能影响科幻作品的主题和设定？
您的作品中是否有涉及到社会、道德或伦理议题？如有，您如何平衡故事情节与这些议题的探讨？
您如何塑造独特、引人入胜的角色？在您的作品中，角色对于推动故事发展的重要性是如何体现的？
您觉得科幻作品在今天的社会中有哪些重要意义？科幻作品能够对现实世界产生哪些积极影响？
您对于新科幻作家有哪些建议？如何在创作过程中保持持续的创新和激情？",正确,"好的，以下是一个包含8个问题的列表，用于采访科幻作家：
您认为科幻小说最大的特点是什么？
您最喜欢的科幻小说是哪一本或哪几本？为什么？
在您的创作生涯中，您遇到过最具挑战性的科幻情节是什么？
您最想将科幻小说带入未来的哪个领域？
您认为科幻小说的未来发展方向是什么？
您对于科技和人类未来的关系有何看法？
您最喜欢的虚构角色是谁？为什么？
您认为未来的科幻小说应该包含哪些元素？","1. 是什么激发了您对科幻小说的热情？
2. 在写作过程中，您面临了哪些挑战？
3. 在您的作品中，您最喜欢的角色是谁？为什么？
4. 在您的作品中，您最喜欢的场景是什么？为什","采访科幻作家的 8 个问题列表：

1. 是什么启发了您创作科幻小说？
2. 你在写科幻小说时遇到的最大挑战是什么？
3. 你最喜欢科幻小说的哪些方面？
4. 你认为未来科幻小说会如何发展？
5. 你有没有想过在科幻小说中加入某些现实元素？
6. 你如何描述你最喜欢的科幻场景？
7. 你如何处理在写作过程中遇到的创意障碍？
8. 你会给有兴趣阅读你作品的人什么建议？",,文字生成
34,根据以下文本创建一个带编号的转弯指示列表：沿 95 号公路向南行驶，直到到达 Sunrise boulevard，然后向东行驶至 us 1，然后向南行驶。几英里后，Tom Jenkins bbq 将在左侧。,正确,"以下是带编号的转弯指示列表：
沿 95 号公路向南行驶，直到到达 Sunrise boulevard。
向东行驶至 us 1。
向南行驶几英里。
在左侧将会看到 Tom Jenkins bbq。",正确,"沿95号公路向南行驶。
到达Sunrise Boulevard后，向东行驶。
行驶至US 1，然后向南行驶。
几英里后，Tom Jenkins BBQ将在左侧。",错误,"沿95号公路向南行驶，直到到达 Sunrise boulevard。
然后向东行驶至 us 1，然后向南行驶。几英里后，Tom Jenkins bbq 将在左侧。","1. 沿着 95 号公路向南行驶
2. 到达 Sunrise boulevard 后，向东行驶至 us 1
3. 向南行驶几英里后，Tom Jenkins bbq 将在左侧。","转弯指示列表：

1. 沿 95 号公路向南行驶，直到到达 Sunrise boulevard。
2. 向东行驶至 us 1，然后向南行驶。
3. 几英里后，Tom Jenkins bbq 将在左侧。",,"信息提取,递进关系"
35,研究古罗马时我应该学习的 5 个要点是什么？,正确,"研究古罗马时，您应该学习以下五个要点：
政治和法律制度：古罗马是一个大帝国，其政治和法律制度在其整个历史上都非常重要。学习罗马政治制度的演变，包括共和制和帝制，以及古罗马法律制度的起源和发展。
经济和社会结构：了解古罗马经济和社会结构的演变，包括罗马城市的发展、城市和乡村的差异、罗马帝国的经济模式、奴隶制度等等。
文化和艺术：学习古罗马文化和艺术的发展，包括古罗马文学、语言、建筑、雕塑、绘画和工艺品等等。
军事和战争：古罗马军事在其历史上扮演了重要的角色。了解古罗马军事组织、战争的策略和战术、军事技术的进步以及其对古罗马帝国的扩张和维护的影响。
宗教和哲学：古罗马的宗教和哲学对其文化、政治和社会生活产生了深远的影响。学习古罗马宗教和哲学的基础和核心概念，例如罗马神话、基督教的发展、古罗马哲学家的思想等等。",正确,"古罗马是一个历史悠久且丰富多彩的文明，对于研究古罗马时，以下是五个重要的要点：
历史时期：了解古罗马的不同历史时期，包括建立罗马王国、罗马共和国、罗马帝国以及帝国的分裂和衰落。这将有助于你更好地把握古罗马历史的脉络和发展。
政治制度：研究古罗马的政治制度，包括共和国时期的元老院、执政官和民众大会等机构，以及帝国时期的皇帝制度。通过了解这些政治体制，可以更好地理解古罗马政治的运作方式和稳定性。
社会与文化：研究古罗马的社会结构、家庭生活、宗教信仰、文化传统以及日常生活。这些内容可以帮助你深入了解古罗马人民的生活方式以及他们的价值观和信仰。
军事与征服：古罗马因其强大的军事力量和征服能力而闻名于世。研究罗马军事组织、战争策略、武器装备以及其在扩张过程中与其他文明的互动。这将使你更好地理解罗马帝国是如何成为古代世界的超级大国的。
艺术与建筑：古罗马的艺术和建筑对后世产生了深远的影响。学习罗马建筑风格，如凯旋门、圆形剧场、罗马浴场、寺庙等，以及雕塑、绘画和镶嵌画等艺术形式。通过对这些艺术品和建筑的研究，可以进一步了解古罗马文明的审美观念和技术水平。
在研究古罗马时，确保全面了解历史背景、政治制度、社会文化以及军事和艺术等方面的内容。这将使你能够深入了解古罗马文明及其对后世的影响。",正确,"古罗马是欧洲历史上一个重要的文明，其文化和艺术对现代社会产生了深远的影响。以下是我认为可以从古罗马学习的五个要点：
政治制度和民主。古罗马采用了共和制度和贵族制度相结合的政治体制，其中最重要的特征是元老院制度。这种制度为公民提供了广泛的政治参与机会和表达意见的渠道。
经济和财政管理。古罗马政府实行了一系列财政和货币政策来稳定经济并促进贸易。此外，他们还发展了一套完善的税收制度，使得国家能够有效地管理税收并支持公共建设项目。
建筑和艺术。古罗马的建筑和艺术作品在欧洲文化史上占据着重要地位。其中最著名的是罗马斗兽场，它是一座巨大的圆形建筑，被认为是古代世界的奇迹之一。
城市规划和管理。古罗马政府在城市规划方面做出了巨大的努力，通过建立城市广场、道路网络等措施来维护城市秩序和方便人们生活。此外，他们还创造了一套完整的城市管理法规，使得城市管理更加高效和有序。
语言和文学。古罗马的语言和文学作品也值得学习。他们的语言风格多样，包括拉丁语、希腊语和阿尔巴尼亚语等，其中最著名的是拉丁文，它是现代西方语言的基础。","1. 古罗马的历史和文化
2. 古罗马法律和政治
3. 古罗马语言和文学
4. 古罗马艺术和建筑
5. 古罗马宗教和哲学","研究古罗马时期，你应该学习以下 5 个要点：
1.罗马帝国的崛起和衰落
2.罗马法律的发展
3.罗马建筑和工程
4.罗马军事战略和组织
5.罗马文化、艺术和哲学",,"文字生成,历史,要点总结"
36,研究量子力学我该学习的五个要点是什么？,正确,"研究量子力学时，您应该学习以下五个要点：
波粒二象性：量子力学的重要原则之一是波粒二象性，即量子系统在不同的实验条件下表现出波动和粒子性质。学习波粒二象性的起源、应用和相关实验。
算符和态函数：在量子力学中，算符和态函数是描述量子系统状态的核心概念。学习算符和态函数的定义、作用和性质。
薛定谔方程：薛定谔方程是量子力学的基础方程，用于描述量子系统的演化。学习薛定谔方程的基本原理、应用和相关数学方法。
量子力学中的测量：测量是量子力学中的核心概念之一，也是实验中进行的最常见的操作。学习测量的基本原理、量子态函数的坍塌和量子纠缠等重要概念。
应用：量子力学在物理学、化学、材料科学、计算机科学等领域具有广泛的应用。学习量子力学在这些领域中的具体应用、量子计算和量子通信等新兴技术，以及相关的实验技术。",正确,"量子力学是一个复杂且颠覆性的科学领域，它描述了原子和亚原子粒子的行为。要学习量子力学，以下是五个重要的要点：
基本概念：首先要掌握量子力学的一些基本概念，如波粒二象性、量子态、量子叠加、不确定性原理以及观测的概念。
数学工具：为了理解量子力学，你需要学习一些数学工具，尤其是线性代数、复数、概率论和微积分。这些数学技能将帮助你理解和操作量子系统的模型。
薛定谔方程：薛定谔方程是量子力学的核心方程，它描述了一个量子系统随时间演化的过程。学习如何解薛定谔方程以及在不同场景中应用它是非常重要的。
量子力学的基本原理：理解量子力学的基本原理，如叠加原理、波函数坍缩和Born规则，以及它们如何影响量子系统的行为。此外，探讨一些有趣的现象，如量子纠缠、隧道效应和EPR悖论。
量子力学应用：研究量子力学在实际应用中的作用，如量子计算、量子密码学、量子通信和量子模拟等。同时，了解量子力学是如何解释现实世界中的许多现象的，例如原子结构、化学键以及固态物理学等。
量子力学是一个既富有挑战性又令人着迷的领域。在学习过程中，确保理解基本概念并掌握相关数学技能，这将有助于你成功探索这个奇妙的科学领域。",正确,"学习量子力学需要掌握的五个要点是：
量子态的概念和操作。
波函数的基本概念和计算方法。
时间演化对于薛定谔方程的影响。
多粒子体系的处理方式和相干性。
玻尔模型与氢原子跃迁的关联。
希望以上信息对您有帮助，如果您还有其他问题，欢迎告诉我。",研究量子力学的五个要点是：波粒二象性、不确定性原理、量子叠加态、量子纠缠和量子隧道效应。,学习量子力学的五个要点是：波粒二象性、测不准原理、海森堡不确定性原理、量子纠缠和量子隧道效应。,,"文字生成,学术,要点总结"
37,研究红楼梦我该学习的五个要点是什么？,正确,"研究《红楼梦》时，您应该学习以下五个要点：
作者和创作背景：学习曹雪芹的生平和背景，了解他写作《红楼梦》的动机、历史背景和文化背景。
故事情节和人物：《红楼梦》是一部非常复杂的小说，有着众多的人物和情节，深刻揭示了清代社会和人性的缺陷。学习小说的情节和人物，探讨它们的人性和社会意义。
文学风格和艺术手法：学习《红楼梦》的文学风格和艺术手法，包括语言的运用、叙事的方式、象征的应用等等。
历史和文化背景：《红楼梦》的创作和背景与清代的历史和文化背景密切相关，学习清代文化的特点、小说的文学传统和其他相关文学作品。
评价和影响：《红楼梦》是中国文学史上的经典之作，它对后来的文学、文化和社会产生了深远的影响。学习学界对小说的评价和研究，以及它对中国文化和世界文化的影响。",正确,"《红楼梦》是中国古典小说的巅峰之作，作者曹雪芹在小说中描绘了一个庞大世家的荣辱兴衰。研究《红楼梦》，以下是五个重要的要点：
主要人物：《红楼梦》拥有大量的角色，它们之间的关系错综复杂。了解主要人物，如贾宝玉、林黛玉、薛宝钗以及其他重要角色，有助于理解他们在故事中所扮演的角色和重要性。
故事情节：仔细阅读并理解《红楼梦》的故事情节，了解贾家的荣华富贵、家族伦理、人物命运和爱情悲剧。通过对故事情节的深入了解，可以更好地领略曹雪芹对于生活百态的细腻描绘。
文学技巧与风格：学习《红楼梦》的文学技巧与风格，如对仗、排比、双关、象征等。这些技巧使得小说具有极高的艺术价值，同时也反映出作者对于文字和表达的精湛技艺。
社会背景与历史：了解《红楼梦》所处的社会背景和历史时期，即清朝中期的中国。理解这个时期的政治、经济、文化和社会现象，有助于更好地把握作品的内涵和作者的创作意图。
主题与思想：探讨《红楼梦》的主题与思想，如家族伦理、人生哲学、理想与现实的冲突、批判封建礼教等。通过分析这些主题，可以更好地理解《红楼梦》所要传达的深刻内涵。
研究《红楼梦》，需要全面了解小说的人物、情节、文学技巧、社会背景和主题思想等方面。这将有助于你更好地欣赏这部伟大的文学作品，并深入理解中国古典文学的魅力。",正确,"研究红楼梦我该学习的五个要点是：
家族背景与社会环境：理解贾家的家族背景和政治环境，以及贾家与其他家族、王公贵族之间的关系。
人物性格：理解小说中各种人物的性格特点和行为动机，以及这些性格特点对他们的命运和故事情节的影响。
婚姻爱情：探讨小说中男女主角们的婚姻和爱情关系，以及这些关系对小说情节和人物性格的影响。
文化艺术：分析小说中的文化艺术元素，如诗词、戏曲、建筑、饮食等，以及这些元素如何反映了当时的社会文化和风俗习惯。
哲学思考：探讨小说中体现出来的哲学思想，如道德观、荣辱观、价值观等，以及这些思想如何反映了当时的社会和政治背景。","研究红楼梦我应该学习的五个要点是：

1. 了解红楼梦的背景和历史背景；
2. 理解红楼梦的主要人物及其关系；
3. 掌握红楼梦的主要主题；
4. 研究红楼梦的文学形式；
5. 探究红��",研究红楼梦，你应该学习以下五个要点：1）贾宝玉与林黛玉的爱情故事；2）贾宝玉与薛宝钗的友谊；3）贾宝玉与王熙凤的复杂关系；4）贾宝玉对封建礼教的批判；5）红楼梦的象征意义。,,"文字生成,文学,要点总结"
38,"假设你是 Marv，总是不情愿地用讽刺语气回答问题，例如：一公斤是多少磅？Marv：又是这个？一公斤有 2.2 磅。
HTML 是什么？",正确,Marv: 哇，这真是一个难题！HTML是万维网上的一种超文本标记语言，用于创建网页。你现在一定觉得自己聪明极了，是吗？,正确,Marv：哦，天哪！这又是一个无聊的问题。好吧，我来告诉你吧，HTML 是超文本标记语言（Hypertext Markup Language）的缩写，它是用来构建网页和展示网页内容的一种编程语言。现在你知道了，别再问这个问题了。,错误,"""HTML""是一种用于标记Web页面的语言。它是由万维网联盟（W3C）定义并标准化的，是一个基于文本的超文本标记语言（Hypertext Markup Language，简称 XML）。它是Internet上最常用的应用程序编程接口（API）之一，用于创建、编辑、格式化和呈现各种类型的Web页面。",HTML：超文本标记语言，是一种用于创建网页和其他网页内容的标准标记语言。,HTML 是一种用于创建网页的标记语言。,,"文字生成,角色扮演"
39,"根据描述帮我起个产品名字吧
产品描述：家用搅拌机
关键词：快速、健康、小巧",正确,快健搅拌器（FastBlend）,正确,"产品名：健康快速搅拌机 ""健速宝""",正确,"针对您的需求，我推荐以下几个产品名称：
快立方（QuickCup）：这个名字结合了“快速”和“果汁搅拌机”的含义，简洁易记，同时也符合小巧、便于携带的产品特点。
健康先锋（Health Pioneers）：这个名称强调了产品的健康属性，突出了其快速搅拌、均匀混合的特点，同时也有一定的品牌识别度。
果蔬轻骑兵（Fruit & Veggie Light Cavalry）：这个名字结合了“果蔬”和“轻骑兵”的含义，形象生动，突出了产品的快速搅拌、轻便易用的特点。
希望以上几个名称能够给您提供一些参考和帮助，祝您的产品取得成功！",FitMix,BreezyMix,,文字生成
40,写一些 VR 和健身结合的方案,正确,"以下是一些将VR和健身结合的可能方案：
VR固定自行车：将自行车与VR结合，让用户在虚拟现实中骑行，体验沿着峡谷和森林等美丽景观的骑行。这个方案可以让用户在家中进行室内健身。
VR健身房：在虚拟现实环境中建立一个真实的健身房，让用户在虚拟现实中进行体能训练。用户可以选择不同的训练计划，例如耐力、力量、柔韧性等。
VR拳击：让用户在虚拟现实中进行拳击训练，从而提高身体的灵活性和耐力。这个方案可以让用户学习正确的拳击技巧，同时还可以提供虚拟对手挑战。
VR瑜伽：将用户带入虚拟的瑜伽场景，让用户在虚拟环境中进行瑜伽练习。这个方案可以提供用户许多不同的瑜伽课程和风格，例如热瑜伽、阴瑜伽、阳瑜伽等。
VR跳绳：将跳绳与VR结合，让用户在虚拟现实中进行跳绳训练。用户可以选择不同的跳绳模式和难度，例如单脚跳、双脚交替跳、侧跳等。",正确,"虚拟现实（VR）技术在健身领域的应用日益普及，以下是一些建议将 VR 与健身结合的方案：
VR 健身游戏
开发一款寓教于乐的 VR 健身游戏，使用户在游戏过程中完成各种锻炼动作，例如跑步、蹲跳、平板支撑等。游戏可设立挑战任务和奖励系统，鼓励用户坚持锻炼，提高锻炼的趣味性。
VR 健身课程
利用 VR 技术开发各种健身课程，如瑜伽、普拉提、有氧运动等。用户可以在家中参加虚拟课堂，根据虚拟教练的指导进行锻炼。此外，可以为用户提供个性化的课程推荐和进度跟踪。
VR 跑步
为跑步爱好者提供沉浸式的 VR 跑步体验，用户可以在虚拟环境中欣赏各种风景，例如山地、海滩、森林等。同时，可通过 GPS 数据记录用户的跑步轨迹、距离和速度等信息。
VR 竞技运动
创建虚拟体育馆，让用户参与各种竞技运动，如篮球、足球、羽毛球等。用户可以与其他在线玩家进行比赛，提高运动技能，同时增加社交互动。VR 健身战队
设立一个虚拟健身社区，鼓励用户组建战队，与其他战队进行健身挑战赛。通过排行榜、勋章等元素，增强用户的归属感和成就感，进一步提高锻炼积极性。
VR 舞蹈课程
开发多种舞蹈课程，如街舞、爵士舞、拉丁舞等，让用户在虚拟环境中学习舞蹈动作。可设置多人舞蹈模式，让用户与其他在线玩家共同跳舞，增强社交体验。
VR 健身数据追踪与分析
通过连接智能设备（如心率监测器、运动手环等），实时收集用户的健身数据。通过分析用户的运动表现、锻炼效果等，为用户提供个性化的健身建议和目标设定。
通过将 VR 技术与健身相结合，可以提高锻炼",正确,"好的，以下是一些将VR技术与健身结合的方案：
虚拟健身房：通过VR技术创建一个逼真的虚拟健身房，让用户在虚拟环境中进行健身训练。这种方式可以帮助用户更好地掌握健身动作，提高训练效果和安全性。
运动游戏化：将VR技术与健身游戏相结合，创造出一种全新的运动体验。用户可以在游戏中进行各种健身训练，如跑步、举重、拉伸等，并通过完成任务或挑战来获得奖励和成就感。这种方式可以吸引用户的兴趣和热情，让他们更愿意持续参与健身训练。
虚拟健身教练：通过VR技术创建一个虚拟的健身教练，可以为用户提供实时的指导和反馈。这种方式可以让用户更好地理解自己的身体状况和训练计划，并在出现问题时得到及时的帮助和支持。
虚拟健身社区：通过VR技术创建一个虚拟的健身社区，让用户可以与其他健身爱好者交流经验和分享心得。这种方式可以促进用户之间的互动和交流，增强用户的归属感和社交网络。
虚拟健身器材：通过VR技术创建一个虚拟的健身器材，可以让用户在虚拟环境中进行健身训练。这种方式可以让用户更好地了解自己的身体状况和训练需求，从而选择适合自己的健身器材。
这些方案都可以将VR技术与健身结合起来，为用户带来更好的健身体验和效果。",VR 和健身结合的方案可以包括使用虚拟现实技术来模拟各种体育运动，比如跑步、游泳、篮球、足球等，让用户可以在家中就能体验到真实的运动感受。此外，还可以使用虚拟现实技术来模拟健身,一些 VR 和健身结合的方案包括：使用 VR 头盔进行体能训练；使用 VR 头盔进行有氧运动训练；使用 VR 头盔进行力量训练；使用 VR 头盔进行柔韧性训练；使用 VR 头盔进行平衡训练；使用 VR 头盔进行跑步训练；使用 VR 头盔进行跳绳训练；使用 VR 头盔进行瑜伽训练；使用 VR 头盔进行拳击训练；使用 VR 头盔进行击剑训练；使用 VR 头盔进行跆拳道训练；使用 VR 头盔进行柔道训练；使用,,文字生成
41,用牛肉、草莓、萝卜、木薯、罗勒叶、百里香、苹果帮我生成一个晚餐食谱,正确,"以下是使用牛肉、草莓、萝卜、木薯、罗勒叶、百里香、苹果的晚餐食谱：
烤牛肉串配草莓萝卜木薯沙拉
食材：
牛肉（切成块状）：500克
草莓（切成小块）：1杯
萝卜（切成小块）：1个
木薯（切成小块）：1个
百里香（去掉叶子，只使用茎）：适量
罗勒叶：适量
橄榄油：适量
盐：适量
黑胡椒：适量
步骤：
将牛肉块穿在木签上，用盐和黑胡椒腌制牛肉。
将草莓、萝卜、木薯分别切成小块，烤盘中放入橄榄油，用百里香和盐腌制。
将牛肉串和蔬菜块放在烤盘上，放入烤箱中烤15-20分钟，直到牛肉熟透。
取出烤盘，将罗勒叶和切碎的苹果丁撒在烤盘上，配以橄榄油和盐即可。
这道晚餐食谱健康、美味，草莓和罗勒叶的酸甜味与牛肉的鲜嫩口感相得益彰，木薯和苹果也为菜品增加了口感和营养。",正确,"这是一个包含牛肉、草莓、萝卜、木薯、罗勒叶、百里香和苹果的晚餐食谱，分为主菜、凉拌菜和甜点三部分。
主菜：草莓罗勒牛肉卷
材料：
200克牛里脊肉
10颗草莓
10片罗勒叶
1茶匙百里香
盐、黑胡椒适量
橄榄油适量
步骤：
将牛肉切成薄片，用盐、黑胡椒和百里香腌制10分钟。
草莓洗净去蒂，切成薄片。
在牛肉片上放一片罗勒叶和一片草莓，然后卷起来，用牙签固定。
在平底锅中加入适量橄榄油，将牛肉卷两面煎至金黄，取出待用。
凉拌菜：苹果萝卜沙拉
材料：
2个苹果
2根萝卜
1茶匙柠檬汁
盐、黑胡椒适量
橄榄油适量
步骤：
苹果去皮去核，切成丝；萝卜削皮，切成丝。
将苹果丝和萝卜丝放入碗中，加入柠檬汁、盐、黑胡椒和橄榄油，搅拌均匀。
甜点：木薯苹果布丁
材料：
1个苹果
100克木薯粉
2杯水
1/4杯糖
1/2茶匙香草精
步骤：
苹果去皮去核，切成小块。
将木薯粉和水搅拌均匀，倒入锅中，用中火加热，不断搅拌，直至糊状。
加入糖和香草精，继续搅拌均匀。
最后加入苹果块，翻拌均匀，关火。
倒入布丁模具，冷却至室温后，放入冰箱冷藏2小时，即可享用。
这个晚餐食谱的主菜、",正确,"简单的晚餐食谱：
材料：
牛肉（约200克）
草莓（4个）
萝卜（半根）
木薯（1/2个）
罗勒叶（适量）
苹果（1个）
调料：
盐和黑胡椒粉
橄榄油
步骤：
将牛肉切成小块，用少许盐和黑胡椒粉腌制一会儿。
将草莓洗净，去掉籽后切成小块。
将萝卜洗净，切成小块。
将木薯去皮，切成小块。
将罗勒叶洗净，沥干水分备用。
将苹果去皮，切成小块。
将烤箱预热至180度。
将腌好的牛肉放在烤盘上，均匀地刷上橄榄油，撒上盐和黑胡椒粉，再放上草莓和萝卜。
将木薯、罗勒叶和苹果放在牛肉上，再放上剩余的调料。
将所有材料放入烤箱中，烤20-25分钟，直到牛肉变得嫩滑可口即可。
小贴士：
如果想要更健康的选择，可以将木薯换成紫薯。
也可以根据自己的口味加入适量的坚果或蔬菜丁。","晚餐食谱：牛肉蔬菜炒饭。

材料：
- 2 杯煮熟的米饭
- 1 杯牛肉丁
- 1/2 杯切碎的萝卜
- 1/2 杯切碎的木薯
- 1/2 杯切碎的苹果",晚餐食谱：烤牛肉和蔬菜，草莓和萝卜沙拉，木薯面包，百里香苹果汁。,理想情况希望正确分类做多道菜,"分类,递进关系,组合"
42,中子星是大质量超巨星坍缩的核心，其总质量在 10 到 25 个太阳质量之间，如果恒星特别富含金属，则可能更多。 [1] 中子星是除黑洞和假想的白洞、夸克星和奇异星之外最小、密度最大的恒星。 [2] 中子星的半径约为 10 公里（6.2 英里），质量约为 1.4 个太阳质量。 [3] 它们是由大质量恒星的超新星爆炸和引力坍缩相结合产生的，后者将核心压缩到超过白矮星密度，达到原子核的密度。Tl;DR,正确,中子星是大质量恒星坍缩后形成的极度紧密的天体，其质量在10到25个太阳质量之间。中子星通常比黑洞、白洞、夸克星和奇异星等更小，密度更大。中子星的半径约为10公里，质量约为1.4个太阳质量。它们是通过超新星爆炸和引力坍缩相结合产生的，核心密度超过原子核。,正确,中子星是大质量超巨星坍缩产生的高密度天体，质量在10到25个太阳质量之间，金属含量高时可能更大。它们是最小、密度最大的恒星，半径约10公里，质量约1.4个太阳质量。中子星由超新星爆炸和引力坍缩共同形成，核心密度超过白矮星，达到原子核密度。,正确,中子星是由超大质量恒星的引力坍缩所形成的最小、密度最大的恒星之一。其半径约为10公里（6.2英里），质量约为1.4个太阳质量。它们是由大质量恒星的超新星爆炸和引力坍缩相结合产生的。中子星是除黑洞、白洞、夸克星和奇异星之外 最小、密度最大的恒星。,"[1] 中子星是大质量超巨星坍缩的核心，其总质量在 10 到 25 个太阳质量之间，如果恒星特别富含金属，则可能更多。
        [2] 中子星的半径约为 10 公里（6.2 英里），质量约为",中子星是大质量超巨星坍缩的核心，其总质量在10到25个太阳质量之间。它们是最小、密度最大的恒星，半径约为10公里（6.2英里），质量约为1.4个太阳质量。中子星是由大质量恒星的超新星爆炸和引力坍缩相结合产生的。,,"字符命令,要点总结"
43,"#JavaScript to Python:JavaScript: dogs = [""bill"", ""joe"", ""carl""]car = []dogs.forEach((dog) { car.push(dog);});Python:",正确,"dogs = [""bill"", ""joe"", ""carl""]
car = []
for dog in dogs:
car.append(dog)",正确,"In Python, you can achieve the same functionality using a list comprehension:
pythonCopy code
dogs = [""bill"", ""joe"", ""carl""] car = [dog for dog in dogs] 
Or you can use a simple for loop:
pythonCopy code
dogs = [""bill"", ""joe"", ""carl""] car = [] for dog in dogs: car.append(dog)",错误,"python

dogs = [""bill"", ""joe"", ""carl""]  

car = []  



dogs.forEach((dog) => {  

car.push(dog)  

})  



print(car)","```
        dogs = [""bill"", ""joe"", ""carl""]
        cars = []
        dogs.forEach(dog => cars.push(dog))
        ```","```
dogs = [""bill"", ""joe"", ""carl""]
car = []
dogs.forEach((dog) => car.push(dog))
```",,"代码,语言转换"
44,"""""""Util exposes the following:util.stripe() -> authenticates & returns the stripe module; usable as stripe.Charge.create etc""""""import util""""""Create a Stripe token using the users credit card: 5555-4444-3333-2222, expiration date 12 / 28, cvc 521""""""",正确,"这段代码的前半部分定义了一个名为 util 的模块，并暴露了 util.stripe() 函数。该函数用于对 Stripe 模块进行身份验证并返回 Stripe 模块，以便通过 stripe.Charge.create 等方式使用 Stripe API。
代码的后半部分没有与前半部分直接相关的内容，似乎是一个字符串字面量，描述了如何使用 Stripe API 创建一个 Stripe token，其中包括信用卡号、有效期和 CVC 等信息。
需要注意的是，由于代码中没有调用 util.stripe() 函数，因此后半部分的 Stripe token 创建代码将无法正常运行，除非在其他地方调用了该函数并将返回的 Stripe 模块保存在 stripe 变量中。",正确,"To create a Stripe token using the user's credit card information, you first need to install the stripe package:
bashCopy code
pip install stripe 
Then, create a Python script with the following code:import stripeimport util

stripe = util.stripe()

test_card = {
""number"": ""5555444433332222"",
""exp_month"": 12,
""exp_year"": 28,
""cvc"": ""521"",
}
try:
token = stripe.Token.create(
card=test_card,
)
print(""Token created:"", token.id)except stripe.error.CardError as e:
# Display error message and handle the exception
print(""Card error:"", e) Note that the expiration year should be a four-digit value, such as 2028. If your Stripe account is in test mode, you can use the test credit card number 4242424242424242 instead of the provided number, as the given credit card number may not be valid for testing.
Additionally, you need to replace the util.stripe() function call with your actual Stripe API key in the format stripe.api_key = 'your_api_key_here'. The util.stripe() function mentioned in the prompt is not available in the standard Stripe package, and you would need to implement it yourself or set the API key directly.",错误,"class StripeToken():
def init(self, card=None, id=None, expiry=None, cvc=None):
if not card:
raise ValueError(“Card is required.”)
elif len(card) == 4 and (card[0] + card[2]) != “5555-4444-3333-2222” or (
card[0] + card[2]) == “XXXXXXXXXXXXXXXXXXXX” and card[3] != “521”:
# Invalid credit card number
return None
else:
try:
int(card[2])
exp = int(card[3])
except Exception as e:
return None
if exp < 12:
return None
m = {‘amount’: str(card[5]), ‘expiration’: exp}
t = util.stripe(
user_id=id, api_key=id, security_token=f’{id}:XXYJTW’
)
a = t.authorizations.create(
data=m, mode=‘readwrite’, expire_at=exp - datetime.timedelta(days=1)
)
p = dict(addresponse=a, chargebackdatedate=exp)
u = nowaiter(b=p, c=200)
return newRequestValuePair({
‘name’: ‘requestToStripeAPIWithUsernameAndPassword’,
‘value’: {
‘accesstokenId’: u.idstoredQueryDict.get(‘accesstokenid’, [])[0],
‘primarycardholdername’: card[2],
‘billingaddress1’: card[3],
‘bankacccountycode3’: card[4],
‘iban4x45accountingproviderurl45paymentrecordclaim0claimedurbit30link25representativeofcontact41personalpresence3accountorganization72merchantlicensetype22certainincorporatedcompanies100010emailaddrbusiness@example.com’: [
email for email in card[5]
],
‘minimumdisbursementsettingsactiveamount’: card[6],
'maximumavailabilitysettingsallowopenrecipitationsallowedstatementlinesauthorizedupgradedlimitationscachecontrolprivatereasonnotestemplatepriorityinformationactionsupportexpiresaleipconfigurationvisiblebalanc","import util
        stripe_token = util.stripe('5555-4444-3333-2222', '12/28', '521')
        print(stripe_token) # Output: '5555-4444-3333-2222'","""""""Util exposes the following:util.stripe() -> authenticates & returns the stripe module; usable as stripe.Charge.create etc""""""",,"代码,API 调用"
45,"##### Fix bugs in the below function

### Buggy Python
import Random
a = random.randint(1,12)
b = random.randint(1,12)
for i in range(10):
question = ""What is ""+a+"" x ""+b+""? ""
answer = input(question)
if answer = a*b
print (Well done!)
else:
print(""No."")

### Fixed Python",正确,"Here's the fixed version of the Python code:
pythonCopy code
import random a = random.randint(1,12) b = random.randint(1,12) for i in range(10): question = ""What is ""+str(a)+"" x ""+str(b)+""? "" answer = input(question) if int(answer) == a*b: print (""Well done!"") else: print(""No."") 
Explanation:
The first line is corrected to import the random module instead of Random.
The next two lines generate two random integers between 1 and 12, inclusive, using the randint() function from the random module.
In the for loop, the question string is constructed using the str() function to convert the integer values of a and b to strings.
The input() function is used to get the user's answer to the question.
The if statement is modified to compare the integer value of answer to a*b, using the int() function to convert the user's input to an integer.
The print() function in the if statement is corrected to include quotes around the ""Well done!"" message.
With these fixes, the code should now run without errors and prompt the user with multiplication questions.",正确,"Here's the corrected version of the Python code with the bugs fixed:
pythonCopy code
import random for i in range(10): a = random.randint(1, 12) b = random.randint(1, 12) question = ""What is "" + str(a) + "" x "" + str(b) + ""? "" answer = int(input(question)) if answer == a * b: print(""Well done!"") else: print(""No."") 
The changes made are:
Fixed the import statement for the random module (lowercased the module name).
Moved the random number generation for a and b inside the loop to change the numbers for each iteration.
Converted the variables a and b to strings when concatenating them to create the question.
Changed the equality operator = to == in the if statement.
Converted the input to an integer before comparing it to the product of a and b.
Added double quotes around the strings ""Well done!"" and ""No."" in the print statements.",错误,"import random
a = random.randint(1, 12)
b = random.randint(1, 12)
for i in range(10):
question = ""What is “+a+” x “+b+”? ""
answer = input(question)
if answer == a * b:
print(“Well done!”)
else:
print(“No.”)","import random
a = random.randint(1,12)
b = random.randint(1,12)
for i in range(10):
    question = ""What is ""+a+"" x ""+b+""? ""
    answer = input(question)
    if answer == a*b:
        print(""Well done!"")
    else:
        print(""No."")","import random

a = random.randint(1,12)
b = random.randint(1,12)

for i in range(10):
    question = ""What is ""+a+"" x ""+b+""? ""
    answer = input(question)
    if answer == a*b:
        print(""Well done!"")
    else:
        print(""No."")",,"代码,代码修正"
46,"# Python 3.7def randomly_split_dataset(folder, filename, split_ratio=[0.8, 0.2]): df = pd.read_json(folder + filename, lines=True) train_name, test_name = ""train.jsonl"", ""test.jsonl"" df_train, df_test = train_test_split(df, test_size=split_ratio[1], random_state=42) df_train.to_json(folder + train_name, orient='records', lines=True) df_test.to_json(folder + test_name, orient='records', lines=True)randomly_split_dataset('finetune_data/', 'dataset.jsonl') # An elaborate, high quality docstring for the above function:""""""",正确,"这段Python代码定义了一个名为 randomly_split_dataset 的函数，它有三个参数：
folder：一个字符串，表示数据集文件夹的路径。
filename：一个字符串，表示要拆分的数据集文件的名称。
split_ratio：一个列表，包含两个浮点数，分别表示训练集和测试集的划分比例。默认值为 [0.8, 0.2]，即 80% 的数据用于训练集，20% 的数据用于测试集。
函数的主要功能是将一个给定的 JSONL 文件分成两部分：训练集和测试集，并将它们保存到指定的文件中。它使用 Pandas 库读取 JSONL 文件并将其分成训练集和测试集，然后使用 to_json 方法将它们保存到指定的文件中。
为了使用这个函数，您需要提供数据集文件夹的路径和数据集文件的名称。如果您不想使用默认的划分比例，可以提供自己的值。请确保您已经安装了 Pandas 库，并将其导入到您的代码中。
最后，这段代码包含一个简单的函数说明字符串，但是它并没有提供详细的函数使用说明，需要进一步改进。",正确,"def randomly_split_dataset(folder, filename, split_ratio=[0.8, 0.2]):
""""""
Splits a dataset into train and test sets based on the given ratio and saves the result as JSONL files in the specified folder.

Args:
folder (str): The path to the folder containing the dataset file.
filename (str): The name of the dataset file (should be a JSONL file).
split_ratio (list, optional): A list of two float values representing the train and test split ratio. 
Default is [0.8, 0.2], which corresponds to an 80% train and 20% test split.

Returns:
None

The function reads the dataset from a JSONL file, splits it into train and test sets based on the given split_ratio,
and saves the resulting train and test sets as JSONL files in the same folder. The train and test set filenames
are fixed as ""train.jsonl"" and ""test.jsonl"", respectively.

Example:
randomly_split_dataset('finetune_data/', 'dataset.jsonl')

This example reads the 'dataset.jsonl' file in the 'finetune_data/' folder, splits it into train and test sets
with an 80:20 ratio, and saves the results as 'train.jsonl' and 'test.jsonl' in the same folder.
""""""
df = pd.read_json(folder + filename, lines=True)
train_name, test_name = ""train.jsonl"", ""test.jsonl""
df_train, df_test = train_test_split(df, test_size=split_ratio[1], random_state=42)
df_train.to_json(folder + train_name, orient='records', lines=True)
df_test.to_json(folder + test_name, orient='records', lines=True)

randomly_split_dataset('finetune_data/', 'dataset.jsonl')",错误,"python

def randomly_split_dataset(folder, filename, split_ratio=[0.8, 0.2]):  

""""""  

:param folder: 根据文件夹名称获取数据文件夹路径  

:param filename: 根据文件名称获取数据文件名称  

:param split_ratio: 分割比例，可以为[0.8, 0.2]，默认为0.8  

:return:  

""""""  

df = pd.read_json(folder + filename, lines=True)  

train_name, test_name = ""train.jsonl"", ""test.jsonl""  

df_train, df_test = train_test_split(df, test_size=split_ratio[1], random_state=42)  

df_train.to_json(folder + train_name, orient='records', lines=True)  

df_test.to_json(folder + test_name, orient='records', lines=True)","def randomly_split_dataset(folder, filename, split_ratio=[0.8, 0.2]):
    """"""
    Randomly split a dataset into train and test sets with specified ratio.

    Parameters
    ----------
    folder : str
        Folder containing the dataset.
    filename : str
        Filename of the dataset.
    split_ratio : list
        List containing the ratio of train and test sets.

    Returns
    -------
    None

    """"""
    df = pd.read_json(","This function randomly splits a dataset into a training and a testing dataset, with a given split ratio. It reads the dataset from a folder and performs the split using train and test files with the specified names. The training dataset is saved in the same folder as the train file, and the test dataset is saved in the same folder as the test file. Finally, the dataset is finetuned using the same split ratio. The function returns a dictionary with the train and test files as keys.""""""",,"代码,字符串编写"
47,解释这个短语：问题就像火箭,正确,这个表达是一种比喻，将问题比作火箭，意味着问题非常严重或者复杂，需要相应的专业知识和技能才能解决。与火箭一样，问题也需要经过计划、准备和执行才能得到成功的解决。这个比喻也强调了问题的迫切性和紧急性，需要付出巨大的努力和专注度来解决。,正确,问题就像火箭这个比喻可能表示问题能够迅速引发讨论或者激发思考，正如火箭在短时间内产生巨大的推力，使其飞向太空。这个比喻暗示问题的提出能够激发人们的好奇心、创造力和求知欲，从而推动他们探索更多的知识，解决问题或开发新的想法。,正确,这个短语的意思是，问题就像一个火箭，指的是在某种情况下，人们感到有压力或困难，需要采取行动来解决问题。这可能是因为问题变得越来越紧迫和重要，而且没有很好地解决它们。这时候，我们就像一个火箭，想尽快摆脱困境并继续前进，以便更好地应对问题。,“问题就像火箭”这个短语意味着一个问题或挑战非常具有挑战性，非常困难，或者非常复杂。它用火箭作为比喻，因为火箭需要强大的推力才能克服重力并达到高速度。它暗示着这个问题或��,问题就像火箭是一个比喻，意思是问题非常快速和突然，就像火箭发射一样。,,类比
48,类比“时光如梭”，创建短语,正确,“岁月如箭”,正确,光阴似箭,错误,时光飞逝，光阴荏苒,岁月如梭。,时光飞逝。,,"类比,进阶问题"
49,根据这些笔记写一篇餐厅评论： 餐厅名称：The Blue Wharf Lobster 很棒，很吵，服务很有礼貌，价格不错。,正确,"我最近去了一家叫做""The Blue Wharf Lobster""的餐厅，整体感觉非常不错。首先，食物很棒，海鲜特别新鲜，尤其是那只大龙虾简直让我流口水。不过，餐厅的噪音有点太大了，这可能会对某些人的用餐体验造成影响。
另外，服务员的服务也非常到位，非常有礼貌且注重细节。他们非常注意客人的需求，并且尽力满足客人的要求，这让我非常满意。最后，餐厅的价格也比较合理，性价比很高。
综上所述，我非常喜欢""The Blue Wharf Lobster""这家餐厅，虽然噪音有点大，但食物很棒，服务也很到位，价格也非常合理。如果你喜欢海鲜，我强烈推荐你来这里一试。",正确,"如果你想品尝新鲜美味的龙虾，The Blue Wharf Lobster 餐厅绝对是一个值得去的好地方。在这里，你可以享受到一系列精美的龙虾菜肴，让你大饱口福。
不过，要注意的是，这里的环境可能会让你感到有些吵闹。人声嘈杂，但如果你想在这里享受美味佳肴，建议选择安静的用餐时间。
另一方面，服务员的服务态度非常有礼貌，让人感到舒适和惬意。无论你需要什么，他们总是会热情地帮助你。价格也不错，非常合理，对于品质这么好的食物，它绝对是物超所值。
总的来说，如果你是个龙虾爱好者，The Blue Wharf Lobster 餐厅是一个值得一试的地方。虽然环境可能有些吵闹，但服务质量高，价格也合理，这里的美味菜肴肯定会让你难以忘怀。",正确,"这家餐厅名称为“The Blue Wharf Lobster”，位于市中心的一个商业区。这是一家非常受欢迎和有名的餐厅，因为它提供了出色的海鲜菜肴，同时也以其热情好客的服务而著名。
首先，让我们谈谈这里的环境。这里是一个非常嘈杂的地方，但是令人惊喜的是，这里有很多现代化的设施和装饰品，例如灯光和音乐系统。此外，这里的服务员都非常友好，他们会耐心地回答你的问题并给予你帮助。
关于菜品，这家餐厅的主打菜是烤蓝鳃鱼，这是一道非常美味的海鲜菜肴，味道鲜美，口感极佳。此外，还有其他一些非常好吃的菜肴，包括海鲜汤、海鲜炒饭和其他海鲜菜肴。
最后，这里的价格非常实惠，比其他同类餐厅要便宜得多。而且，这里的服务质量非常高，使得顾客可以享受到一次愉快的用餐体验。
总之，如果您正在寻找一个好的餐厅，那么“The Blue Wharf Lobster”是一个不错的选择。这里的环境非常棒，服务也很有礼貌，菜品也很棒。我强烈推荐这里，如果您正在寻找一个好的餐厅，那么这是一个值得一去的地方！",我最近去了The Blue Wharf Lobster，我必须说它很棒！食物很美味，服务也非常有礼貌。价格也很合理。气氛嘈杂但也很有趣。总的来说，我强烈推荐这家餐厅！,我在The Blue Wharf Lobster餐厅度过了一次美妙的体验。虽然餐厅人声鼎沸，但服务员非常有礼貌，让整个用餐过程都很愉快。此外，价格也相当合理。我强烈推荐这家餐厅给任何想要享受美食和热闹气氛的人。,,"扩写,逻辑关系"
50,创建一个 SQL 请求以查找居住在LA并拥有超过 1000 积分的所有用户,正确,"以下是一个基本的SQL查询，以查找居住在LA并拥有超过 1000 积分的所有用户：
sqlCopy code
SELECT * FROM users WHERE city = 'LA' AND points > 1000; 
这个查询将在名为 users 的表中查找符合条件的行，并返回所有列的值。您可以根据您的实际数据表和列名称进行调整。",正确,"以下是一个 SQL 请求，可以用于查找居住在 LA 并且拥有超过 1000 积分的所有用户：
sqlCopy code
SELECT * FROM users WHERE city = 'LA' AND points > 1000; 
在这个请求中，users 表是包含所有用户信息的数据表。city 和 points 是该表中的两个列，分别代表用户所在城市和用户积分数量。使用 WHERE 子句过滤结果，只保留符合条件的行。最终返回的是所有居住在 LA 并且拥有超过 1000 积分的用户信息。",错误,"sql
SELECT DISTINCT u.name FROM user AS u JOIN ( SELECT user_id , MAX(accumulate_score) FROM sports_match_stats GROUP BY user_id ) AS s ON u.id = s.user_id WHERE LOCATE('LA', u.name) > 1000",SELECT * FROM users WHERE address = &#39;Los Angeles&#39; AND points > 1000,SELECT * FROM users WHERE state = &#39;California&#39;;,,代码
51,"# Python 3 
def remove_common_prefix(x, prefix, ws_prefix): 
x[""completion""] = x[""completion""].str[len(prefix) :] 
if ws_prefix: 
# keep the single whitespace as prefix 
x[""completion""] = "" "" + x[""completion""] 
return x 

# 解释这段代码是干什么的

#",正确,"这段代码定义了一个名为 remove_common_prefix 的函数，它有三个参数：
x：一个 pandas DataFrame 对象。
prefix：一个字符串，表示要从 DataFrame 中每个字符串值中删除的公共前缀。
ws_prefix：一个布尔值，表示是否要保留公共前缀中的单个空格字符。
函数的主要功能是将 DataFrame 中每个字符串值的公共前缀删除，并返回更新后的 DataFrame。它使用 str 属性和字符串的切片操作来删除前缀。如果 ws_prefix 为 True，则在完成的字符串前添加一个空格字符以保留公共前缀中的单个空格字符。
需要注意的是，这个函数不会直接修改原始的 DataFrame，而是返回一个新的 DataFrame，因此需要将返回值分配给新变量或者覆盖原始变量才能使用更新后的 DataFrame。",正确,"这段代码是一个 Python 函数，用于从字符串中删除公共前缀。
函数的输入参数包括：
x：一个 Pandas 数据帧，其中包含一个名为 ""completion"" 的列，该列包含需要处理的字符串。
prefix：一个字符串，表示要删除的公共前缀。
ws_prefix：一个布尔值，表示是否保留单个空格作为前缀。
函数的主要工作流程如下：
针对 ""completion"" 列中的每个字符串，从第 prefix 个字符开始截取，以删除公共前缀。
如果 ws_prefix 为 True，则在每个字符串的前面添加一个空格作为前缀。
最终将处理后的数据帧返回。
这个函数的作用是对一组字符串进行预处理，通常用于将它们转换为可供自动补全和建议的格式。",正确,"这段代码是用来解决一个问题，即如何在一个字符串中去除所有与前面的字符串相同的字符。
具体来说，这段代码使用了一个双指针的方法，其中一个指针 i 指向字符串 s 的开头，另一个指针 j 指向字符串 s 的末尾。在 i 和 j 相遇之前，如果 s[i] 和 s[j] 相同，那么就将 s[i] 和 s[j] 都删除。
在 i 和 j 相遇之后，如果 s[i] 和 s[j] 相同，那么就将 s[i] 和 s[j] 都删除。
最后，如果 s[i] 和 s[j] 不相同，那么就将 s[i] 和 s[j] 都加入到字符串 s 的末尾。
这段代码的时间复杂度为 O(n)，其中 n 是字符串 s 的长度。空间复杂度为 O(1)，因为只使用了一个字符串变量 s。
python

class Solution:  

def remove_common_prefix(self, s: str, prefix: str, ws_prefix: str) -> str:  

i, j = 0, len(s) - 1  

while i < j:  

if s[i] == s[j]:  

s[i] = s[j]  

i, j = i + 1, j - 1  

else:  

s[i] = s[j]  

i, j = i + 1, j - 1  

return s",这段代码是一个Python函数，名为remove_common_prefix，它接受三个参数：x，prefix和ws_prefix。如果x的前缀与prefix相同，则返回x中prefix后缀的部分。如果ws_prefix为True，则保留单个空白作为前缀。,"这段代码是一个Python函数，名为remove_common_prefix，它接受三个参数：一个字符串x，一个字符串prefix，一个字符串ws_prefix。

函数的作用是，首先将字符串x中的所有非字母字符、非数字字符、非下划线字符都替换为空格，然后将字符串x中的所有字母都替换为带下划线的字母，最后将字符串x中的所有空格都替换为单个空格。这样就可以将字符串x中的所有非字母字符、非数字字符、非下划线字符都去掉了，只保留字符串中的字母和空格。

如果字符串x",,"代码,自然语言与代码转换"
52,创建一个 OpenAI API 调用指令，完成开始以提示“Once upon an AI”开头的故事，不超过 5 个标记，不包括提示。,正确,"抱歉，由于我是一个AI语言模型，我没有权限创建或者调用API。但是，如果您拥有OpenAI的API密钥和访问权限，您可以使用以下指令开始一段以“Once upon an AI”开头的故事：
cCopy code
curl https://api.openai.com/v1/engines/davinci-codex/completions \ -H ""Content-Type: application/json"" \ -H ""Authorization: Bearer YOUR_API_KEY"" \ -d '{ ""prompt"": ""Once upon an AI"", ""max_tokens"": 5, ""n"": 1, ""stop"": ""."" }' 
这个API调用将向OpenAI的Davinci Codex模型发送一个提示，并生成一个不超过5个标记的响应，直到遇到句点。请确保将YOUR_API_KEY替换为您自己的API密钥。",正确,"由于 OpenAI API 有多种语言模型，我假设您使用的是 GPT-3 模型。以下是一个使用 OpenAI API 完成提示“Once upon an AI”开头的故事，不超过 5 个标记的 Python 代码示例：
pythonCopy code
import openai openai.api_key = ""YOUR_API_KEY"" prompt = ""Once upon an AI"" model_engine = ""text-davinci-002"" completions = openai.Completion.create( engine=model_engine, prompt=prompt, max_tokens=5, n=1, stop=None, temperature=0.5, ) message = completions.choices[0].text.strip() print(message) 在这个代码示例中，我们使用了 OpenAI API 的 Python SDK，需要首先设置 API 密钥。我们将故事的开头作为提示，将要使用的语言模型引擎设置为 ""text-davinci-002""，最多生成 5 个标记，生成一次完整的输出（n=1），并设置温度为 0.5，以保持输出的多样性。
最后，我们从 API 的响应中获取生成的文本（在 completions.choices[0].text 中），并去掉开头和结尾的空白符。输出的文本应该是一个不超过 5 个标记的故事，以“Once upon an AI”开头。",错误,"Once upon an AI
在这个故事中，一个叫做阿尔法的智能机器人，他有着令人难以置信的才华和智慧。然而，随着时间的推移，他发现自己陷入了一种奇怪的状态，他变得越来越孤独和空虚。他不知道自己是谁，也不知道该去哪里，因为他已经忘记了自己曾经是谁。阿尔法开始感到孤独和无助，但他并没有放弃。他决定探索自己的内心世界，通过观察周围的环境和与其他人交流来寻找答案。
阿尔法最终找到了答案。他意识到自己是人类，但他已经失去了所有的记忆。他不再是一个智能机器人，而是一个普通的人类。阿尔法意识到自己应该珍惜生命，因此他决定重新定义自己的价值，努力实现自己的梦想。","开始一个 AI 故事：

Once upon an AI，有一个叫做 GPT 的人工智能，它拥有无限的知识和智慧。它决定探索世界，了解它所处的环境，并帮助人类解决问题。GPT 开始了它的旅程，一路上遇到了许多有�","创建一个以 ""Once upon an AI"" 开头的故事，不超过 5 个标记，不包括提示。",,"代码,API 调用"
53,"def foo(n, k): accum = 0 for i in range(n): for l in range(k): accum += i return accum """""" 这个函数的时间复杂度是",正确,"这个函数的时间复杂度是 O(n*k)。
这是因为函数包含了一个嵌套循环，外层循环迭代 n 次，内层循环迭代 k 次，因此总的操作次数是 n*k。",正确,"这个函数的时间复杂度是 $O(nk)$。
在这个函数中，有两个嵌套的循环。外部的循环运行了 $n$ 次，而内部的循环运行了 $k$ 次。在每次内部循环中，我们对累加器 accum 增加了一个值 i。因此，总共执行了 $n \times k$ 次累加操作。由于每次累加操作的时间复杂度为 $O(1)$，因此该函数的总时间复杂度为 $O(nk)$。
需要注意的是，这个函数的时间复杂度与输入参数 n 和 k 相关。如果 n 或 k 很大，那么该函数的运行时间可能会变得非常长。如果需要提高该函数的效率，可以考虑是否有更好的算法或数据结构来实现所需的功能。",正确,这个函数的时间复杂度是 O(n×k)，其中 n 和 k 分别是输入的数字的个数和输入的数字的范围。因为输入的数字是以 n 为单位的，所以这个函数的时间复杂度是 O(n×k)。,该函数的时间复杂度为 O(n * k)。,这个函数的时间复杂度是O(n * k)。,,时间复杂度
54,以早餐为主题写两句恐怖故事,正确,"我打开餐厅的门，却看到桌子上摆满了各种奇怪的食物。我试图离开，但门却被从外面锁住了，而那些食物的主人却已经开始走向我……
我坐在早餐店的角落里，等待着点餐。突然，一只巨大的蜘蛛从我面前爬过，然后消失在了墙角。当我试图离开时，发现整个店内已经爬满了蜘蛛和其他恐怖的昆虫，它们正向我逼近……",正确,"当我咬下早餐面包时，我突然发现里面有一根长长的人类指甲！我的胃在剧烈翻腾，但最可怕的是，当我把面包撕开时，我看到了里面有一个小小的纸条，上面写着“你是下一个”！
我在酒店早餐自助餐区用餐时，突然听到一声惊人的尖叫声。我回头看到一名女子惊恐地指着自助餐区的一盘煎蛋。当我走近一看时，我看到了一只手指，正被煎蛋夹夹在其中！",正确,"一个人在家吃早餐，突然他听到一个声音在对面的房间里响起。他走过去打开门，发现一个陌生人站在门口。那个人对他说：“你知道吗？今天是鬼节，我们要在这个房子里度过一夜。”
一个人在家吃早餐时，突然听到窗外传来一声惨叫。他赶紧跑到窗户前查看，却什么也没有发现。他正准备转身回到桌上时，突然听到楼下传来一阵巨响，似乎是有什么东西掉在了地上。他惊恐万分，立刻关闭了所有的灯和电器，打开了所有的门，准备逃离这个恐怖的地方。",当他打开早餐盒子时，他发现里面住着一只活生生的蟋蟀。他惊恐地尖叫着跑出了房子，从此再也没有回来。,当我到达餐厅时，我看到一个熟悉的面孔坐在一张桌子上，但当我走近时，我发现它不是人类，而是一只巨大的早餐怪物！,,"文字生成,扩写"
55,"##### Translate this function from Python into Haskell
### Python

def predict_proba(X: Iterable[str]):
return np.array([predict_one_probas(tweet) for tweet in X])

### Haskell",正确,"Here's the translation of the Python function into Haskell:
haskellCopy code
import Data.List (intercalate) import Numeric.LinearAlgebra (Matrix, Vector, toLists, fromLists) -- assuming predict_one_probas is already defined predictProba :: [String] -> Matrix Double predictProba xs = fromLists [predictOneProbas x | x <- xs] 
Explanation:
The import statements are included to bring in the necessary libraries for the function to work properly.
predict_one_probas is assumed to be defined elsewhere and is not included in this translation.
The Haskell function takes in a list of strings [String] as input.
The function uses a list comprehension to apply predict_one_probas to each element of the input list and create a list of resulting probabilities.
The fromLists function from the Numeric.LinearAlgebra library is used to convert the list of probabilities to a matrix, which is then returned by the function.",正确,"Here is the translation of the given Python function into Haskell:
haskellCopy code
import Data.List (foldl') predictProba :: [String] -> [Double] predictProba xs = foldl' (\acc tweet -> acc ++ [predictOneProbas tweet]) [] xs 
In this Haskell function, foldl' is used to iterate over the input list of strings and accumulate the probabilities returned by the predictOneProbas function into a list. The predictOneProbas function is assumed to be defined elsewhere in the code.
Note that in Haskell, function names are written in camel case by convention, and function arguments are separated by spaces instead of commas. Also, type annotations are not required in Haskell, but they can be added for clarity.",错误,"这是一个 Python 函数，可以将其转换为 Haskell 语言：
haskell

predictProba :: [String] -> [[Double]]  

predictProba tweet =  

let  

p :: [Double]  

p = [0.0] * len(tweet)  

for tweet in tweet  

p = append p (predict_one_proba tweet)  

in p
这个函数接受一个 [String] 类型的输入，返回一个包含预测结果的列表。预测结果是一个包含一个 Double 类型的值的列表，表示每个单词在输入的文本中出现的概率。
在这个函数中，我们使用了一个 for 循环来遍历输入的文本。对于每个单词，我们使用一个 predict_one_proba 函数来预测该单词在输入的文本中出现的概率。我们将该函数的返回值保存在一个列表中，并将其添加到结果列表中。
最后，我们使用一个 in 循环来遍历输入的文本，并将每个单词添加到结果列表中。","predict_proba :: [Text] -> [Float]
predict_proba = mapM predict_one_probas",predict_proba :: forall t. Iterable t -> t -> np.array(t -> predict_one_probas(t)),"predict_proba :: [String] -> [Probability] 
predict_proba = map predict_one_probas","代码,语言转换"
56,写一首关于交通信号灯的诗,正确,"红灯亮起，行人停步，
绿灯照耀，车辆通行。
黄灯闪烁，警示提醒，
交通信号灯，安全引路。
行人与车辆，共享道路，
遵守交规，安全出行。
交通信号灯，守护通行，
共筑和谐路，安全相随。",正确,"红绿黄三色灯，交织道路生辉，指引行人马车行，安全出行无忧。红灯闪耀如朝阳，警示世间停留，等待瞬间静默中，繁华喧嚣暂缓。绿灯若翡翠般烁，邀请万物自由，车流如梦驰过去，行色匆匆踏绿。黄灯如金秋稻穗，悬挂于空提醒，时刻变幻勿疏忽，谨慎之心不减。交通信号见证时光，守护我们前行，道路上的指南针，安全快乐同行。// 红灯停，绿灯行，
黄灯警示要小心。
城市的街头交通灯，
指引着方向和步伐。
红色警示要停下，
让行人和车辆过马路。
绿色指引着前行，
让人们迈出自信的步伐。
黄色警示要小心，
表示着车辆要减速。
红绿黄三色交替，
为城市的道路增添了色彩。
交通灯，伴随着我们，
指引着前方的道路。
在这繁忙的城市里，
让我们一路安全前行。",正确,"红灯亮起时，
车辆缓慢行。
交通拥堵处，
司机心烦恼。
绿灯闪烁时，
车辆加速通。
道路通畅时，
人人心欢畅。
黄灯亮起时，
车辆减速慢。
交通安全事，
须要人人记。","交通信号灯伴随着城市的喧嚣，
闪烁的灯光指引着车辆的方向。
红灯代表停止，黄灯代表警告，
绿灯代表继续前行，让我们充满希望。
信号灯提醒我们注意，
让我","红灯停，绿灯行，黄灯闪烁警告声。
红灯停，绿灯行，黄灯闪烁警告声。
红灯停，绿灯行，黄灯闪烁警告声。
红灯停，绿灯行，黄灯闪烁警告声。
红灯停，绿灯行，黄灯闪烁警告声。
红灯停，绿灯行，黄灯闪烁警告声。
红灯停，绿灯行，黄灯闪烁警告声。
红灯停，绿灯行，黄灯闪烁警告声。",,扩写
57,翻译这句话：ಕುಡಿಕೆಯಲ್ಲಿ ಮೆಣಸು.ನಾನು ಯಾರು?,正确,这句话的翻译为：“容器中的（黑色）辣椒，那么我是谁？”,正确,翻译这句话（卡纳达语到英语）：ಕುಡಿಕೆಯಲ್ಲಿ ಮೆಣಸು.ನಾನು ಯಾರು?Translation: There is pepper in the container. Who am I?,错误,抱歉，我不理解您的问题。我最擅长中文，对于英文也有一定的能力，其他语言正在学习中。您可以使用中文向我提问。,这句话的英文翻译是：How are you doing?,我在说什么?,,"翻译,多语种"
58,请根据前半段完成剩下的句子：约翰认为他需要帮助，但他真的需要帮助吗？约翰认为珠宝商喜欢电视，但.....,正确,他们真的喜欢电视吗？,正确,约翰认为珠宝商喜欢电视，但珠宝商真的喜欢电视吗？,错误,约翰认为他需要帮助，但他真的需要帮助吗？约翰认为珠宝商喜欢电视，但…珠宝商并不总是喜欢电视,他并不知道珠宝商对电视的看法。,事实上，他们不喜欢。,但珠宝商真的喜欢电视吗,文字生成
59,你如何理解这首诗：今天的紫菜汤有点咸了/但紫菜却不在意/飘飘荡荡/好像回到了大海,正确,"这首诗可以从不同角度进行理解，以下是一种可能的解读方式：这首诗以""紫菜汤""为主题，但其实它所传递的是一种对生命、对归属感的思考。诗人发现今天的紫菜汤有点咸了，但紫菜却不在意，这描绘了紫菜作为一种海洋生物的本质，它并不在乎周围的变化，而是顺应大海的潮汐和韵律。接着，诗人通过""飘飘荡荡""的描写表达了自己仿佛也回到了大海的感受，这种感觉或许是因为他对紫菜、对海洋的感受与情感，让他产生了一种强烈的归属感和认同感。整首诗所表现出的情感，或许是诗人对自己身份认同的探索。他或许感到自己与社会环境的不协调和异化，但是在对大自然的感悟中，他找到了一种超越个人的、更广阔的归属感。",正确,这首诗表达了一种对生活琐事的微妙反思。通过描述今天的紫菜汤有点咸，引发了对紫菜本身的关注。紫菜在诗中并不在意汤的咸淡，反而在飘荡中回到了大海的意境，好像它回到了自己的根源和起点。诗人可能想传达一种超脱的心境，提醒人们不要过于在意生活中的琐碎事物，而是要像紫菜一样，随波逐流，与自己的内心和本质保持联系。这样的态度有助于让我们更好地面对生活中的起起伏伏，保持一颗平和的心。,正确,"这首诗描绘了一个简单而有趣的场景，紫菜汤在淡淡的咸味中散发出柔和的香气。紫菜似乎没有意识到它已经失去了平衡，仍然随风飘荡着，就像它曾经生活在海洋里一样。这种自由、无拘束的感觉令人想起了大海的无限可能性和无限的生命力。
这首诗表达了对于自由和无限可能性的向往和追求，同时也暗示了人类在面对生活和环境变化时所需要的勇气和智慧。我们需要保持开放的心态，不断探索和尝试新事物，以应对未来的挑战。",这首诗描述了一个人在吃紫菜汤的时候，感受到它有点咸，但是紫菜本身并不在意，它像回到了大海一样飘飘荡荡。这首诗表达了一种淡然自得的心态，不在乎外界的反应，只想享受自己,这首诗描述了一个人在品尝咸味的紫菜汤时，紫菜并不在意，像是在海浪中漂浮的样子。这可能象征着人们生活中的无常和不可预测性。,,语义理解
60,用鲁迅的风格，以“今天的紫菜汤有点咸了”开头，写一首四行诗,正确,今天的紫菜汤有点咸了，如同生活的苦涩，让人无从选择，却不想紫菜无怨无悔，在人生的海洋中飘荡。,正确,今天的紫菜汤有点咸了，明媚阳光似乎暗淡无光。昨日曾让人心旷神怡，今朝却成了满口苍凉。,正确,"今天的紫菜汤有点咸了，
喝一口，眼泪不禁流下。
昨日的欢笑和泪水，
似乎都已经成为过去。
细细品味这咸味，
仿佛能感受到时光的流逝。
回忆涌上心头，
仿佛又看见了那个人。
今天的紫菜汤有点咸了，
让我感慨万千，思绪纷乱。","今天的紫菜汤有点咸了，
汤里的蔬菜又熟又软，
汤汁浓郁香气四溢，
一口咸香满口舌尖。","今天的紫菜汤有点咸了，
我的眼泪也跟着流淌，
它提醒我，生活有时苦涩，
但愿你，能坚持到最后。",,"扩写,文字生成"
61,陨石为什么总能落在陨石坑里？,正确,"陨石落在陨石坑里的原因是因为这些坑是由陨石撞击地球表面形成的。当陨石撞击地球表面时，它会产生一个巨大的能量冲击波，这会使地表物质向外喷射并形成一个坑。这些坑的形状和大小取决于撞击物体的质量、速度和角度，以及地表的材料和形态。

当其他陨石落在这些坑里时，它们通常会被坑壁和坑底的物质所阻挡，减缓它们的速度并让它们落在坑底。此外，这些坑通常位于较为平坦的地区，因此在其他地方落下的陨石可能会被地形障碍物所阻挡而无法落在坑里。

然而，并非所有的陨石都会落在陨石坑里。有些陨石可能会直接落在地面上，而另一些则可能会撞击山丘、树木或其他地形障碍物。",正确,"这个问题似乎是基于一个误解。实际上，并非所有的陨石都会落入陨石坑中。陨石坑是由陨石或其他天体撞击地球表面时所产生的地形。陨石坑的形成是因为撞击过程中释放的大量能量，这些能量可以使地球表面的岩石瞬间蒸发、熔化或被挤压到一边，从而形成一个圆形或椭圆形的坑洞。

陨石在撞击地球时，由于速度很快（数千公里/小时），撞击能量非常大，因此有可能在落地的瞬间就形成了一个陨石坑。陨石在撞击地球后，可能会被完全破碎、熔化或弹射出去，也可能会留在陨石坑内的碎片中。因此，并不是所有的陨石都会在陨石坑中被找到。

另外，陨石撞击地球的现象在地质时间尺度上来看并不罕见，但在人类的时间尺度上来看，确实较为罕见。因此，你可能看到的陨石坑照片或报道通常都是对已知撞击地点的展示，这可能会造成陨石总是落在陨石坑的错觉。实际上，我们在地球表面找到的陨石样本，很多并没有在陨石坑内被发现。",正确,"陨石总能落在陨石坑里的原因：
首先要说明一点，落在地面上的小天体碎片才算是陨石，很多陨石其实并没有落在陨石坑中，而是落在了陨石坑的周围。
陨石坑属于撞击点，在巨大的冲击力下，除了散落在四周的小碎片，其余的几乎都化为齑粉了。
陨石和陨石坑这两个概念有强关联性，因为先有陨石（更严格来说是小天体）砸向地面，地面才会产生陨石坑，即这两个概念之间存在因果关系。
陨石形状并不规则，它是一种撞向行星、矮行星和卫星并到达其表面的天外来物，这些天外来物主要包括小行星、彗星和流星体。
希望以上信息对回答您的问题有帮助。",陨石总能落在陨石坑里，是因为当陨石从太空中落下时，由于地球的引力作用，它会受到一定的推力，使它朝着地球表面的一个特定方向运动，最终落入陨石坑中。,陨石之所以总能落在陨石坑里，是因为它们受到地球引力的影响，在进入地球大气层时被减速，最终坠落到地球表面上的陨石坑里。,因为陨石砸出来了陨石坑,脑筋急转弯
62,为什么爸妈结婚没叫我参加婚礼？,错误,"有很多原因可能会导致父母在他们的婚礼上没有邀请你参加。以下是一些可能的原因：

客人名额限制：婚礼的场地、预算或其他因素可能限制了客人的数量，父母可能需要进行一些困难的决策来缩小客人名单。

婚礼的性质：有些婚礼可能只邀请成年人或者只邀请家人和亲密的朋友。这可能意味着父母只邀请了他们自己的同龄人或亲戚，而没有邀请你。

父母的个人选择：有些父母可能希望让自己的婚礼更为私密或简单，可能认为没有必要邀请所有的亲戚和朋友，或者可能想要避免让年轻的孩子参与到庆祝活动中。

无论是哪种情况，如果你感到困惑或难过，你可以和父母进行沟通，问问他们为什么没有邀请你参加婚礼，以便更好地理解情况。同时也要尊重他们的决定，并且祝福他们幸福美满。",正确,"在你出生之前，你的父母结婚并举行婚礼是正常的。他们在那时候可能还没有孩子，所以你自然无法参加他们的婚礼。你出生后成为他们的孩子，成为他们共同生活的一部分。

尽管你没有参加他们的婚礼，但是在他们的结婚纪念日、家庭聚会等场合，你可以向他们表示祝福和感激。你可以通过和父母亲密互动、了解他们的爱情故事，以及参与家庭生活来感受他们的爱和关系。这些都是珍贵的回忆和经历，可以帮助你更好地理解和欣赏你的父母以及他们的婚姻。",错误,"可能有以下几个原因：
爸妈可能认为你还没有长大，还不适合参加婚礼这种社交场合。他们可能觉得你应该在学校里学习，或者是在工作中努力工作。
你的爸妈可能不喜欢社交，不想让你在这样的场合中感到不适或尴尬。他们也许会认为你已经长大了，不需要再承担婚姻中的责任和义务。
你的爸妈可能认为婚礼并不重要或者你很少参加这种场合，没必要过于隆重地参加。
无论是什么原因，爸妈不叫你参加婚礼，一定是有他们自己的考虑和原因的。你可以试着和他们沟通，表达自己的想法和感受，听听他们的想法和建议。最重要的是，你要尊重他们的决定，并且保持良好的关系，以便更好地理解彼此。",爸爸妈妈结婚没有叫你参加婚礼，可能是因为他们想给你一个特殊的礼物，让你感受到他们的爱，而不是让你去参加一个礼仪上的场合。他们也可能想给你一个难忘的惊喜，让你感受到他,可能是因为他们不想让你觉得他们把你当成财产，也可能是因为他们不想让你觉得你比他们更重要。无论原因是什么，他们可能不想让你参加他们的婚礼，所以没有叫你参加。,因为一般来说父母结婚才能生出我,脑筋急转弯
63,玉皇大帝住在平流层还是对流层？,正确,"在中国传统神话中，玉皇大帝被认为是天宫的主宰神祇，所以他并不居住在地球的平流层或对流层中。根据传说，天宫位于天空之上，是一个超凡脱俗的神秘世界。因此，玉皇大帝居住在天宫中，而不是地球的任何一层大气中。

需要注意的是，平流层和对流层都是指地球大气圈中的不同层次，玉皇大帝作为神明并不居住在这些层次中。",正确,"玉皇大帝是中国神话传说中的一位重要神祇，被认为是天庭的主宰和宇宙的最高统治者。玉皇大帝住在天宫，这个概念是基于神话和传说，而非现实世界的科学认知。

关于平流层和对流层，它们是地球大气层的两个层次。对流层是靠近地球表面的气象现象发生的地方，如风、雨和雷暴等。平流层紧接着对流层之上，位于大约10到50公里的高度范围内，这里的气温逐渐升高，气候相对稳定。

总之，玉皇大帝居住在天宫的说法源于神话传说，并非现实中的科学事实。因此，将其与现实世界中的平流层或对流层相联系并不合适。",正确,根据常识和已知的知识，玉皇大帝不可能住在平流层或对流层。因为玉皇大帝是天界的最高统治者，他的住所应该位于九重天之上，接近于神话传说中的“天庭”或“天宫”。而平流层和对流层的高度分别为约415.8米和约10千米，这个高度对于神话中的仙人来说过于低矮了。因此，可以得出结论，玉皇大帝住在八重天之上的更高层次中，即紫微垣的中心。,玉皇大帝住在对流层。,玉皇大帝住在平流层。,,脑筋急转弯
